id,session_id,trial_index_in_block,block,block_name,stimulus_type,stimulus_label,stimulus_color,correct_key,response_key,correct,timed_out,rt_ms,protocol_version,scoring_version,schema_version,created_at
1,53e557e6-0088-4600-912c-e6875506ba29,1,1,Neutro - circulos coloridos,circle,circulo,Verde,d,s,0,0,911,stroop-victoria-desktop-v1-baseline,rt-pipeline-v1,ensino-schema-v1,2026-04-03 04:22:51.869963+00
2,53e557e6-0088-4600-912c-e6875506ba29,2,1,Neutro - circulos coloridos,circle,circulo,Vermelho,k,k,1,0,965,stroop-victoria-desktop-v1-baseline,rt-pipeline-v1,ensino-schema-v1,2026-04-03 04:22:51.869963+00
3,53e557e6-0088-4600-912c-e6875506ba29,3,1,Neutro - circulos coloridos,circle,circulo,Amarelo,l,l,1,0,460,stroop-victoria-desktop-v1-baseline,rt-pipeline-v1,ensino-schema-v1,2026-04-03 04:22:51.869963+00
4,53e557e6-0088-4600-912c-e6875506ba29,4,1,Neutro - circulos coloridos,circle,circulo,Verde,d,d,1,0,569,stroop-victoria-desktop-v1-baseline,rt-pipeline-v1,ensino-schema-v1,2026-04-03 04:22:51.869963+00
5,53e557e6-0088-4600-912c-e6875506ba29,5,1,Neutro - circulos coloridos,circle,circulo,Vermelho,k,k,1,0,400,stroop-victoria-desktop-v1-baseline,rt-pipeline-v1,ensino-schema-v1,2026-04-03 04:22:51.869963+00
6,53e557e6-0088-4600-912c-e6875506ba29,6,1,Neutro - circulos coloridos,circle,circulo,Amarelo,l,l,1,0,522,stroop-victoria-desktop-v1-baseline,rt-pipeline-v1,ensino-schema-v1,2026-04-03 04:22:51.869963+00
7,53e557e6-0088-4600-912c-e6875506ba29,7,1,Neutro - circulos coloridos,circle,circulo,Amarelo,l,l,1,0,478,stroop-victoria-desktop-v1-baseline,rt-pipeline-v1,ensino-schema-v1,2026-04-03 04:22:51.869963+00
8,53e557e6-0088-4600-912c-e6875506ba29,8,1,Neutro - circulos coloridos,circle,circulo,Verde,d,d,1,0,446,stroop-victoria-desktop-v1-baseline,rt-pipeline-v1,ensino-schema-v1,2026-04-03 04:22:51.869963+00
9,53e557e6-0088-4600-912c-e6875506ba29,9,1,Neutro - circulos coloridos,circle,circulo,Azul,s,s,1,0,406,stroop-victoria-desktop-v1-baseline,rt-pipeline-v1,ensino-schema-v1,2026-04-03 04:22:51.869963+00
10,53e557e6-0088-4600-912c-e6875506ba29,10,1,Neutro - circulos coloridos,circle,circulo,Verde,d,d,1,0,502,stroop-victoria-desktop-v1-baseline,rt-pipeline-v1,ensino-schema-v1,2026-04-03 04:22:51.869963+00
11,53e557e6-0088-4600-912c-e6875506ba29,11,1,Neutro - circulos coloridos,circle,circulo,Azul,s,s,1,0,584,stroop-victoria-desktop-v1-baseline,rt-pipeline-v1,ensino-schema-v1,2026-04-03 04:22:51.869963+00
12,53e557e6-0088-4600-912c-e6875506ba29,12,1,Neutro - circulos coloridos,circle,circulo,Verde,d,s,0,0,368,stroop-victoria-desktop-v1-baseline,rt-pipeline-v1,ensino-schema-v1,2026-04-03 04:22:51.869963+00
13,53e557e6-0088-4600-912c-e6875506ba29,13,1,Neutro - circulos coloridos,circle,circulo,Amarelo,l,l,1,0,646,stroop-victoria-desktop-v1-baseline,rt-pipeline-v1,ensino-schema-v1,2026-04-03 04:22:51.869963+00
14,53e557e6-0088-4600-912c-e6875506ba29,14,1,Neutro - circulos coloridos,circle,circulo,Azul,s,s,1,0,667,stroop-victoria-desktop-v1-baseline,rt-pipeline-v1,ensino-schema-v1,2026-04-03 04:22:51.869963+00
15,53e557e6-0088-4600-912c-e6875506ba29,15,1,Neutro - circulos coloridos,circle,circulo,Verde,d,d,1,0,525,stroop-victoria-desktop-v1-baseline,rt-pipeline-v1,ensino-schema-v1,2026-04-03 04:22:51.869963+00
16,53e557e6-0088-4600-912c-e6875506ba29,16,1,Neutro - circulos coloridos,circle,circulo,Amarelo,l,l,1,0,537,stroop-victoria-desktop-v1-baseline,rt-pipeline-v1,ensino-schema-v1,2026-04-03 04:22:51.869963+00
17,53e557e6-0088-4600-912c-e6875506ba29,17,1,Neutro - circulos coloridos,circle,circulo,Vermelho,k,k,1,0,423,stroop-victoria-desktop-v1-baseline,rt-pipeline-v1,ensino-schema-v1,2026-04-03 04:22:51.869963+00
18,53e557e6-0088-4600-912c-e6875506ba29,18,1,Neutro - circulos coloridos,circle,circulo,Azul,s,s,1,0,516,stroop-victoria-desktop-v1-baseline,rt-pipeline-v1,ensino-schema-v1,2026-04-03 04:22:51.869963+00
19,53e557e6-0088-4600-912c-e6875506ba29,19,1,Neutro - circulos coloridos,circle,circulo,Azul,s,s,1,0,427,stroop-victoria-desktop-v1-baseline,rt-pipeline-v1,ensino-schema-v1,2026-04-03 04:22:51.869963+00
20,53e557e6-0088-4600-912c-e6875506ba29,20,1,Neutro - circulos coloridos,circle,circulo,Amarelo,l,l,1,0,512,stroop-victoria-desktop-v1-baseline,rt-pipeline-v1,ensino-schema-v1,2026-04-03 04:22:51.869963+00
21,53e557e6-0088-4600-912c-e6875506ba29,21,1,Neutro - circulos coloridos,circle,circulo,Vermelho,k,k,1,0,424,stroop-victoria-desktop-v1-baseline,rt-pipeline-v1,ensino-schema-v1,2026-04-03 04:22:51.869963+00
22,53e557e6-0088-4600-912c-e6875506ba29,22,1,Neutro - circulos coloridos,circle,circulo,Vermelho,k,k,1,0,512,stroop-victoria-desktop-v1-baseline,rt-pipeline-v1,ensino-schema-v1,2026-04-03 04:22:51.869963+00
23,53e557e6-0088-4600-912c-e6875506ba29,23,1,Neutro - circulos coloridos,circle,circulo,Azul,s,s,1,0,521,stroop-victoria-desktop-v1-baseline,rt-pipeline-v1,ensino-schema-v1,2026-04-03 04:22:51.869963+00
24,53e557e6-0088-4600-912c-e6875506ba29,24,1,Neutro - circulos coloridos,circle,circulo,Vermelho,k,k,1,0,601,stroop-victoria-desktop-v1-baseline,rt-pipeline-v1,ensino-schema-v1,2026-04-03 04:22:51.869963+00
25,53e557e6-0088-4600-912c-e6875506ba29,1,2,Controle - palavras neutras,neutral_word,CASA,Verde,d,d,1,0,976,stroop-victoria-desktop-v1-baseline,rt-pipeline-v1,ensino-schema-v1,2026-04-03 04:22:51.869963+00
26,53e557e6-0088-4600-912c-e6875506ba29,2,2,Controle - palavras neutras,neutral_word,LIVRO,Amarelo,l,l,1,0,707,stroop-victoria-desktop-v1-baseline,rt-pipeline-v1,ensino-schema-v1,2026-04-03 04:22:51.869963+00
27,53e557e6-0088-4600-912c-e6875506ba29,3,2,Controle - palavras neutras,neutral_word,NUVEM,Vermelho,k,k,1,0,659,stroop-victoria-desktop-v1-baseline,rt-pipeline-v1,ensino-schema-v1,2026-04-03 04:22:51.869963+00
28,53e557e6-0088-4600-912c-e6875506ba29,4,2,Controle - palavras neutras,neutral_word,MESA,Vermelho,k,k,1,0,669,stroop-victoria-desktop-v1-baseline,rt-pipeline-v1,ensino-schema-v1,2026-04-03 04:22:51.869963+00
29,53e557e6-0088-4600-912c-e6875506ba29,5,2,Controle - palavras neutras,neutral_word,NUVEM,Verde,d,d,1,0,520,stroop-victoria-desktop-v1-baseline,rt-pipeline-v1,ensino-schema-v1,2026-04-03 04:22:51.869963+00
30,53e557e6-0088-4600-912c-e6875506ba29,6,2,Controle - palavras neutras,neutral_word,TRILHO,Azul,s,s,1,0,426,stroop-victoria-desktop-v1-baseline,rt-pipeline-v1,ensino-schema-v1,2026-04-03 04:22:51.869963+00
31,53e557e6-0088-4600-912c-e6875506ba29,7,2,Controle - palavras neutras,neutral_word,MESA,Azul,s,s,1,0,483,stroop-victoria-desktop-v1-baseline,rt-pipeline-v1,ensino-schema-v1,2026-04-03 04:22:51.869963+00
32,53e557e6-0088-4600-912c-e6875506ba29,8,2,Controle - palavras neutras,neutral_word,TRILHO,Amarelo,l,l,1,0,512,stroop-victoria-desktop-v1-baseline,rt-pipeline-v1,ensino-schema-v1,2026-04-03 04:22:51.869963+00
33,53e557e6-0088-4600-912c-e6875506ba29,9,2,Controle - palavras neutras,neutral_word,TRILHO,Vermelho,k,k,1,0,749,stroop-victoria-desktop-v1-baseline,rt-pipeline-v1,ensino-schema-v1,2026-04-03 04:22:51.869963+00
34,53e557e6-0088-4600-912c-e6875506ba29,10,2,Controle - palavras neutras,neutral_word,MESA,Verde,d,d,1,0,562,stroop-victoria-desktop-v1-baseline,rt-pipeline-v1,ensino-schema-v1,2026-04-03 04:22:51.869963+00
35,53e557e6-0088-4600-912c-e6875506ba29,11,2,Controle - palavras neutras,neutral_word,TRILHO,Verde,d,d,1,0,433,stroop-victoria-desktop-v1-baseline,rt-pipeline-v1,ensino-schema-v1,2026-04-03 04:22:51.869963+00
36,53e557e6-0088-4600-912c-e6875506ba29,12,2,Controle - palavras neutras,neutral_word,NUVEM,Amarelo,l,l,1,0,401,stroop-victoria-desktop-v1-baseline,rt-pipeline-v1,ensino-schema-v1,2026-04-03 04:22:51.869963+00
37,53e557e6-0088-4600-912c-e6875506ba29,13,2,Controle - palavras neutras,neutral_word,NUVEM,Azul,s,s,1,0,459,stroop-victoria-desktop-v1-baseline,rt-pipeline-v1,ensino-schema-v1,2026-04-03 04:22:51.869963+00
38,53e557e6-0088-4600-912c-e6875506ba29,14,2,Controle - palavras neutras,neutral_word,CASA,Azul,s,s,1,0,406,stroop-victoria-desktop-v1-baseline,rt-pipeline-v1,ensino-schema-v1,2026-04-03 04:22:51.869963+00
39,53e557e6-0088-4600-912c-e6875506ba29,15,2,Controle - palavras neutras,neutral_word,LIVRO,Azul,s,s,1,0,658,stroop-victoria-desktop-v1-baseline,rt-pipeline-v1,ensino-schema-v1,2026-04-03 04:22:51.869963+00
40,53e557e6-0088-4600-912c-e6875506ba29,16,2,Controle - palavras neutras,neutral_word,CASA,Amarelo,l,l,1,0,659,stroop-victoria-desktop-v1-baseline,rt-pipeline-v1,ensino-schema-v1,2026-04-03 04:22:51.869963+00
41,53e557e6-0088-4600-912c-e6875506ba29,17,2,Controle - palavras neutras,neutral_word,JANELA,Azul,s,s,1,0,525,stroop-victoria-desktop-v1-baseline,rt-pipeline-v1,ensino-schema-v1,2026-04-03 04:22:51.869963+00
42,53e557e6-0088-4600-912c-e6875506ba29,18,2,Controle - palavras neutras,neutral_word,JANELA,Verde,d,k,0,0,536,stroop-victoria-desktop-v1-baseline,rt-pipeline-v1,ensino-schema-v1,2026-04-03 04:22:51.869963+00
43,53e557e6-0088-4600-912c-e6875506ba29,19,2,Controle - palavras neutras,neutral_word,JANELA,Amarelo,l,l,1,0,470,stroop-victoria-desktop-v1-baseline,rt-pipeline-v1,ensino-schema-v1,2026-04-03 04:22:51.869963+00
44,53e557e6-0088-4600-912c-e6875506ba29,20,2,Controle - palavras neutras,neutral_word,MESA,Amarelo,l,l,1,0,599,stroop-victoria-desktop-v1-baseline,rt-pipeline-v1,ensino-schema-v1,2026-04-03 04:22:51.869963+00
45,53e557e6-0088-4600-912c-e6875506ba29,21,2,Controle - palavras neutras,neutral_word,LIVRO,Verde,d,d,1,0,713,stroop-victoria-desktop-v1-baseline,rt-pipeline-v1,ensino-schema-v1,2026-04-03 04:22:51.869963+00
46,53e557e6-0088-4600-912c-e6875506ba29,22,2,Controle - palavras neutras,neutral_word,JANELA,Vermelho,k,k,1,0,532,stroop-victoria-desktop-v1-baseline,rt-pipeline-v1,ensino-schema-v1,2026-04-03 04:22:51.869963+00
47,53e557e6-0088-4600-912c-e6875506ba29,23,2,Controle - palavras neutras,neutral_word,LIVRO,Vermelho,k,k,1,0,428,stroop-victoria-desktop-v1-baseline,rt-pipeline-v1,ensino-schema-v1,2026-04-03 04:22:51.869963+00
48,53e557e6-0088-4600-912c-e6875506ba29,24,2,Controle - palavras neutras,neutral_word,CASA,Vermelho,k,k,1,0,420,stroop-victoria-desktop-v1-baseline,rt-pipeline-v1,ensino-schema-v1,2026-04-03 04:22:51.869963+00
49,53e557e6-0088-4600-912c-e6875506ba29,1,3,Interferencia - palavras incongruentes,incongruent_color_word,VERMELHO,Amarelo,l,l,1,0,675,stroop-victoria-desktop-v1-baseline,rt-pipeline-v1,ensino-schema-v1,2026-04-03 04:22:51.869963+00
50,53e557e6-0088-4600-912c-e6875506ba29,2,3,Interferencia - palavras incongruentes,incongruent_color_word,AMARELO,Verde,d,d,1,0,1000,stroop-victoria-desktop-v1-baseline,rt-pipeline-v1,ensino-schema-v1,2026-04-03 04:22:51.869963+00
51,53e557e6-0088-4600-912c-e6875506ba29,3,3,Interferencia - palavras incongruentes,incongruent_color_word,AMARELO,Azul,s,s,1,0,541,stroop-victoria-desktop-v1-baseline,rt-pipeline-v1,ensino-schema-v1,2026-04-03 04:22:51.869963+00
52,53e557e6-0088-4600-912c-e6875506ba29,4,3,Interferencia - palavras incongruentes,incongruent_color_word,VERDE,Amarelo,l,l,1,0,915,stroop-victoria-desktop-v1-baseline,rt-pipeline-v1,ensino-schema-v1,2026-04-03 04:22:51.869963+00
53,53e557e6-0088-4600-912c-e6875506ba29,5,3,Interferencia - palavras incongruentes,incongruent_color_word,AMARELO,Vermelho,k,k,1,0,599,stroop-victoria-desktop-v1-baseline,rt-pipeline-v1,ensino-schema-v1,2026-04-03 04:22:51.869963+00
54,53e557e6-0088-4600-912c-e6875506ba29,6,3,Interferencia - palavras incongruentes,incongruent_color_word,VERMELHO,Verde,d,d,1,0,727,stroop-victoria-desktop-v1-baseline,rt-pipeline-v1,ensino-schema-v1,2026-04-03 04:22:51.869963+00
55,53e557e6-0088-4600-912c-e6875506ba29,7,3,Interferencia - palavras incongruentes,incongruent_color_word,VERMELHO,Verde,d,d,1,0,451,stroop-victoria-desktop-v1-baseline,rt-pipeline-v1,ensino-schema-v1,2026-04-03 04:22:51.869963+00
56,53e557e6-0088-4600-912c-e6875506ba29,8,3,Interferencia - palavras incongruentes,incongruent_color_word,VERDE,Azul,s,s,1,0,495,stroop-victoria-desktop-v1-baseline,rt-pipeline-v1,ensino-schema-v1,2026-04-03 04:22:51.869963+00
57,53e557e6-0088-4600-912c-e6875506ba29,9,3,Interferencia - palavras incongruentes,incongruent_color_word,AMARELO,Verde,d,d,1,0,893,stroop-victoria-desktop-v1-baseline,rt-pipeline-v1,ensino-schema-v1,2026-04-03 04:22:51.869963+00
58,53e557e6-0088-4600-912c-e6875506ba29,10,3,Interferencia - palavras incongruentes,incongruent_color_word,VERDE,Vermelho,k,k,1,0,570,stroop-victoria-desktop-v1-baseline,rt-pipeline-v1,ensino-schema-v1,2026-04-03 04:22:51.869963+00
59,53e557e6-0088-4600-912c-e6875506ba29,11,3,Interferencia - palavras incongruentes,incongruent_color_word,AZUL,Verde,d,d,1,0,469,stroop-victoria-desktop-v1-baseline,rt-pipeline-v1,ensino-schema-v1,2026-04-03 04:22:51.869963+00
60,53e557e6-0088-4600-912c-e6875506ba29,12,3,Interferencia - palavras incongruentes,incongruent_color_word,AMARELO,Azul,s,s,1,0,552,stroop-victoria-desktop-v1-baseline,rt-pipeline-v1,ensino-schema-v1,2026-04-03 04:22:51.869963+00
61,53e557e6-0088-4600-912c-e6875506ba29,13,3,Interferencia - palavras incongruentes,incongruent_color_word,AZUL,Amarelo,l,l,1,0,635,stroop-victoria-desktop-v1-baseline,rt-pipeline-v1,ensino-schema-v1,2026-04-03 04:22:51.869963+00
62,53e557e6-0088-4600-912c-e6875506ba29,14,3,Interferencia - palavras incongruentes,incongruent_color_word,VERDE,Azul,s,s,1,0,713,stroop-victoria-desktop-v1-baseline,rt-pipeline-v1,ensino-schema-v1,2026-04-03 04:22:51.869963+00
63,53e557e6-0088-4600-912c-e6875506ba29,15,3,Interferencia - palavras incongruentes,incongruent_color_word,VERMELHO,Amarelo,l,l,1,0,451,stroop-victoria-desktop-v1-baseline,rt-pipeline-v1,ensino-schema-v1,2026-04-03 04:22:51.869963+00
64,53e557e6-0088-4600-912c-e6875506ba29,16,3,Interferencia - palavras incongruentes,incongruent_color_word,VERMELHO,Azul,s,s,1,0,1001,stroop-victoria-desktop-v1-baseline,rt-pipeline-v1,ensino-schema-v1,2026-04-03 04:22:51.869963+00
65,53e557e6-0088-4600-912c-e6875506ba29,17,3,Interferencia - palavras incongruentes,incongruent_color_word,AZUL,Amarelo,l,l,1,0,686,stroop-victoria-desktop-v1-baseline,rt-pipeline-v1,ensino-schema-v1,2026-04-03 04:22:51.869963+00
66,53e557e6-0088-4600-912c-e6875506ba29,18,3,Interferencia - palavras incongruentes,incongruent_color_word,AZUL,Vermelho,k,k,1,0,707,stroop-victoria-desktop-v1-baseline,rt-pipeline-v1,ensino-schema-v1,2026-04-03 04:22:51.869963+00
67,53e557e6-0088-4600-912c-e6875506ba29,19,3,Interferencia - palavras incongruentes,incongruent_color_word,VERDE,Amarelo,l,l,1,0,954,stroop-victoria-desktop-v1-baseline,rt-pipeline-v1,ensino-schema-v1,2026-04-03 04:22:51.869963+00
68,53e557e6-0088-4600-912c-e6875506ba29,20,3,Interferencia - palavras incongruentes,incongruent_color_word,AZUL,Verde,d,d,1,0,590,stroop-victoria-desktop-v1-baseline,rt-pipeline-v1,ensino-schema-v1,2026-04-03 04:22:51.869963+00
69,53e557e6-0088-4600-912c-e6875506ba29,21,3,Interferencia - palavras incongruentes,incongruent_color_word,VERDE,Vermelho,k,k,1,0,594,stroop-victoria-desktop-v1-baseline,rt-pipeline-v1,ensino-schema-v1,2026-04-03 04:22:51.869963+00
70,53e557e6-0088-4600-912c-e6875506ba29,22,3,Interferencia - palavras incongruentes,incongruent_color_word,VERMELHO,Azul,s,s,1,0,568,stroop-victoria-desktop-v1-baseline,rt-pipeline-v1,ensino-schema-v1,2026-04-03 04:22:51.869963+00
71,53e557e6-0088-4600-912c-e6875506ba29,23,3,Interferencia - palavras incongruentes,incongruent_color_word,AMARELO,Vermelho,k,k,1,0,738,stroop-victoria-desktop-v1-baseline,rt-pipeline-v1,ensino-schema-v1,2026-04-03 04:22:51.869963+00
72,53e557e6-0088-4600-912c-e6875506ba29,24,3,Interferencia - palavras incongruentes,incongruent_color_word,AZUL,Vermelho,k,k,1,0,450,stroop-victoria-desktop-v1-baseline,rt-pipeline-v1,ensino-schema-v1,2026-04-03 04:22:51.869963+00
73,188fd44e-19a5-4ea0-b059-e53fa217249d,1,1,Neutro - circulos coloridos,circle,circulo,Amarelo,l,l,1,0,695,stroop-victoria-desktop-v1-baseline,rt-pipeline-v1,ensino-schema-v1,2026-04-03 04:31:49.909191+00
74,188fd44e-19a5-4ea0-b059-e53fa217249d,2,1,Neutro - circulos coloridos,circle,circulo,Azul,s,s,1,0,511,stroop-victoria-desktop-v1-baseline,rt-pipeline-v1,ensino-schema-v1,2026-04-03 04:31:49.909191+00
75,188fd44e-19a5-4ea0-b059-e53fa217249d,3,1,Neutro - circulos coloridos,circle,circulo,Amarelo,l,l,1,0,432,stroop-victoria-desktop-v1-baseline,rt-pipeline-v1,ensino-schema-v1,2026-04-03 04:31:49.909191+00
76,188fd44e-19a5-4ea0-b059-e53fa217249d,4,1,Neutro - circulos coloridos,circle,circulo,Vermelho,k,k,1,0,449,stroop-victoria-desktop-v1-baseline,rt-pipeline-v1,ensino-schema-v1,2026-04-03 04:31:49.909191+00
77,188fd44e-19a5-4ea0-b059-e53fa217249d,5,1,Neutro - circulos coloridos,circle,circulo,Verde,d,d,1,0,440,stroop-victoria-desktop-v1-baseline,rt-pipeline-v1,ensino-schema-v1,2026-04-03 04:31:49.909191+00
78,188fd44e-19a5-4ea0-b059-e53fa217249d,6,1,Neutro - circulos coloridos,circle,circulo,Verde,d,d,1,0,394,stroop-victoria-desktop-v1-baseline,rt-pipeline-v1,ensino-schema-v1,2026-04-03 04:31:49.909191+00
79,188fd44e-19a5-4ea0-b059-e53fa217249d,7,1,Neutro - circulos coloridos,circle,circulo,Verde,d,d,1,0,357,stroop-victoria-desktop-v1-baseline,rt-pipeline-v1,ensino-schema-v1,2026-04-03 04:31:49.909191+00
80,188fd44e-19a5-4ea0-b059-e53fa217249d,8,1,Neutro - circulos coloridos,circle,circulo,Vermelho,k,l,0,0,474,stroop-victoria-desktop-v1-baseline,rt-pipeline-v1,ensino-schema-v1,2026-04-03 04:31:49.909191+00
81,188fd44e-19a5-4ea0-b059-e53fa217249d,9,1,Neutro - circulos coloridos,circle,circulo,Vermelho,k,k,1,0,349,stroop-victoria-desktop-v1-baseline,rt-pipeline-v1,ensino-schema-v1,2026-04-03 04:31:49.909191+00
82,188fd44e-19a5-4ea0-b059-e53fa217249d,10,1,Neutro - circulos coloridos,circle,circulo,Vermelho,k,k,1,0,389,stroop-victoria-desktop-v1-baseline,rt-pipeline-v1,ensino-schema-v1,2026-04-03 04:31:49.909191+00
83,188fd44e-19a5-4ea0-b059-e53fa217249d,11,1,Neutro - circulos coloridos,circle,circulo,Amarelo,l,l,1,0,475,stroop-victoria-desktop-v1-baseline,rt-pipeline-v1,ensino-schema-v1,2026-04-03 04:31:49.909191+00
84,188fd44e-19a5-4ea0-b059-e53fa217249d,12,1,Neutro - circulos coloridos,circle,circulo,Azul,s,s,1,0,630,stroop-victoria-desktop-v1-baseline,rt-pipeline-v1,ensino-schema-v1,2026-04-03 04:31:49.909191+00
85,188fd44e-19a5-4ea0-b059-e53fa217249d,13,1,Neutro - circulos coloridos,circle,circulo,Azul,s,s,1,0,474,stroop-victoria-desktop-v1-baseline,rt-pipeline-v1,ensino-schema-v1,2026-04-03 04:31:49.909191+00
86,188fd44e-19a5-4ea0-b059-e53fa217249d,14,1,Neutro - circulos coloridos,circle,circulo,Vermelho,k,k,1,0,467,stroop-victoria-desktop-v1-baseline,rt-pipeline-v1,ensino-schema-v1,2026-04-03 04:31:49.909191+00
87,188fd44e-19a5-4ea0-b059-e53fa217249d,15,1,Neutro - circulos coloridos,circle,circulo,Amarelo,l,l,1,0,596,stroop-victoria-desktop-v1-baseline,rt-pipeline-v1,ensino-schema-v1,2026-04-03 04:31:49.909191+00
88,188fd44e-19a5-4ea0-b059-e53fa217249d,16,1,Neutro - circulos coloridos,circle,circulo,Amarelo,l,l,1,0,435,stroop-victoria-desktop-v1-baseline,rt-pipeline-v1,ensino-schema-v1,2026-04-03 04:31:49.909191+00
89,188fd44e-19a5-4ea0-b059-e53fa217249d,17,1,Neutro - circulos coloridos,circle,circulo,Azul,s,k,0,0,772,stroop-victoria-desktop-v1-baseline,rt-pipeline-v1,ensino-schema-v1,2026-04-03 04:31:49.909191+00
90,188fd44e-19a5-4ea0-b059-e53fa217249d,18,1,Neutro - circulos coloridos,circle,circulo,Azul,s,s,1,0,663,stroop-victoria-desktop-v1-baseline,rt-pipeline-v1,ensino-schema-v1,2026-04-03 04:31:49.909191+00
91,188fd44e-19a5-4ea0-b059-e53fa217249d,19,1,Neutro - circulos coloridos,circle,circulo,Verde,d,d,1,0,498,stroop-victoria-desktop-v1-baseline,rt-pipeline-v1,ensino-schema-v1,2026-04-03 04:31:49.909191+00
92,188fd44e-19a5-4ea0-b059-e53fa217249d,20,1,Neutro - circulos coloridos,circle,circulo,Verde,d,d,1,0,530,stroop-victoria-desktop-v1-baseline,rt-pipeline-v1,ensino-schema-v1,2026-04-03 04:31:49.909191+00
93,188fd44e-19a5-4ea0-b059-e53fa217249d,21,1,Neutro - circulos coloridos,circle,circulo,Azul,s,s,1,0,547,stroop-victoria-desktop-v1-baseline,rt-pipeline-v1,ensino-schema-v1,2026-04-03 04:31:49.909191+00
94,188fd44e-19a5-4ea0-b059-e53fa217249d,22,1,Neutro - circulos coloridos,circle,circulo,Amarelo,l,l,1,0,639,stroop-victoria-desktop-v1-baseline,rt-pipeline-v1,ensino-schema-v1,2026-04-03 04:31:49.909191+00
95,188fd44e-19a5-4ea0-b059-e53fa217249d,23,1,Neutro - circulos coloridos,circle,circulo,Verde,d,d,1,0,645,stroop-victoria-desktop-v1-baseline,rt-pipeline-v1,ensino-schema-v1,2026-04-03 04:31:49.909191+00
96,188fd44e-19a5-4ea0-b059-e53fa217249d,24,1,Neutro - circulos coloridos,circle,circulo,Vermelho,k,k,1,0,547,stroop-victoria-desktop-v1-baseline,rt-pipeline-v1,ensino-schema-v1,2026-04-03 04:31:49.909191+00
97,188fd44e-19a5-4ea0-b059-e53fa217249d,1,2,Controle - palavras neutras,neutral_word,CASA,Azul,s,s,1,0,866,stroop-victoria-desktop-v1-baseline,rt-pipeline-v1,ensino-schema-v1,2026-04-03 04:31:49.909191+00
98,188fd44e-19a5-4ea0-b059-e53fa217249d,2,2,Controle - palavras neutras,neutral_word,JANELA,Verde,d,d,1,0,733,stroop-victoria-desktop-v1-baseline,rt-pipeline-v1,ensino-schema-v1,2026-04-03 04:31:49.909191+00
99,188fd44e-19a5-4ea0-b059-e53fa217249d,3,2,Controle - palavras neutras,neutral_word,JANELA,Amarelo,l,l,1,0,530,stroop-victoria-desktop-v1-baseline,rt-pipeline-v1,ensino-schema-v1,2026-04-03 04:31:49.909191+00
100,188fd44e-19a5-4ea0-b059-e53fa217249d,4,2,Controle - palavras neutras,neutral_word,MESA,Azul,s,s,1,0,457,stroop-victoria-desktop-v1-baseline,rt-pipeline-v1,ensino-schema-v1,2026-04-03 04:31:49.909191+00
101,188fd44e-19a5-4ea0-b059-e53fa217249d,5,2,Controle - palavras neutras,neutral_word,TRILHO,Vermelho,k,k,1,0,516,stroop-victoria-desktop-v1-baseline,rt-pipeline-v1,ensino-schema-v1,2026-04-03 04:31:49.909191+00
102,188fd44e-19a5-4ea0-b059-e53fa217249d,6,2,Controle - palavras neutras,neutral_word,LIVRO,Azul,s,s,1,0,423,stroop-victoria-desktop-v1-baseline,rt-pipeline-v1,ensino-schema-v1,2026-04-03 04:31:49.909191+00
103,188fd44e-19a5-4ea0-b059-e53fa217249d,7,2,Controle - palavras neutras,neutral_word,JANELA,Azul,s,s,1,0,438,stroop-victoria-desktop-v1-baseline,rt-pipeline-v1,ensino-schema-v1,2026-04-03 04:31:49.909191+00
104,188fd44e-19a5-4ea0-b059-e53fa217249d,8,2,Controle - palavras neutras,neutral_word,MESA,Amarelo,l,l,1,0,691,stroop-victoria-desktop-v1-baseline,rt-pipeline-v1,ensino-schema-v1,2026-04-03 04:31:49.909191+00
105,188fd44e-19a5-4ea0-b059-e53fa217249d,9,2,Controle - palavras neutras,neutral_word,NUVEM,Amarelo,l,l,1,0,529,stroop-victoria-desktop-v1-baseline,rt-pipeline-v1,ensino-schema-v1,2026-04-03 04:31:49.909191+00
106,188fd44e-19a5-4ea0-b059-e53fa217249d,10,2,Controle - palavras neutras,neutral_word,LIVRO,Amarelo,l,l,1,0,382,stroop-victoria-desktop-v1-baseline,rt-pipeline-v1,ensino-schema-v1,2026-04-03 04:31:49.909191+00
107,188fd44e-19a5-4ea0-b059-e53fa217249d,11,2,Controle - palavras neutras,neutral_word,TRILHO,Verde,d,d,1,0,615,stroop-victoria-desktop-v1-baseline,rt-pipeline-v1,ensino-schema-v1,2026-04-03 04:31:49.909191+00
108,188fd44e-19a5-4ea0-b059-e53fa217249d,12,2,Controle - palavras neutras,neutral_word,MESA,Verde,d,d,1,0,412,stroop-victoria-desktop-v1-baseline,rt-pipeline-v1,ensino-schema-v1,2026-04-03 04:31:49.909191+00
109,188fd44e-19a5-4ea0-b059-e53fa217249d,13,2,Controle - palavras neutras,neutral_word,NUVEM,Vermelho,k,k,1,0,395,stroop-victoria-desktop-v1-baseline,rt-pipeline-v1,ensino-schema-v1,2026-04-03 04:31:49.909191+00
110,188fd44e-19a5-4ea0-b059-e53fa217249d,14,2,Controle - palavras neutras,neutral_word,LIVRO,Vermelho,k,k,1,0,372,stroop-victoria-desktop-v1-baseline,rt-pipeline-v1,ensino-schema-v1,2026-04-03 04:31:49.909191+00
111,188fd44e-19a5-4ea0-b059-e53fa217249d,15,2,Controle - palavras neutras,neutral_word,TRILHO,Amarelo,l,l,1,0,637,stroop-victoria-desktop-v1-baseline,rt-pipeline-v1,ensino-schema-v1,2026-04-03 04:31:49.909191+00
112,188fd44e-19a5-4ea0-b059-e53fa217249d,16,2,Controle - palavras neutras,neutral_word,NUVEM,Azul,s,s,1,0,472,stroop-victoria-desktop-v1-baseline,rt-pipeline-v1,ensino-schema-v1,2026-04-03 04:31:49.909191+00
113,188fd44e-19a5-4ea0-b059-e53fa217249d,17,2,Controle - palavras neutras,neutral_word,JANELA,Vermelho,k,k,1,0,511,stroop-victoria-desktop-v1-baseline,rt-pipeline-v1,ensino-schema-v1,2026-04-03 04:31:49.909191+00
114,188fd44e-19a5-4ea0-b059-e53fa217249d,18,2,Controle - palavras neutras,neutral_word,CASA,Vermelho,k,l,0,0,467,stroop-victoria-desktop-v1-baseline,rt-pipeline-v1,ensino-schema-v1,2026-04-03 04:31:49.909191+00
115,188fd44e-19a5-4ea0-b059-e53fa217249d,19,2,Controle - palavras neutras,neutral_word,MESA,Vermelho,k,k,1,0,359,stroop-victoria-desktop-v1-baseline,rt-pipeline-v1,ensino-schema-v1,2026-04-03 04:31:49.909191+00
116,188fd44e-19a5-4ea0-b059-e53fa217249d,20,2,Controle - palavras neutras,neutral_word,CASA,Verde,d,d,1,0,835,stroop-victoria-desktop-v1-baseline,rt-pipeline-v1,ensino-schema-v1,2026-04-03 04:31:49.909191+00
117,188fd44e-19a5-4ea0-b059-e53fa217249d,21,2,Controle - palavras neutras,neutral_word,CASA,Amarelo,l,l,1,0,458,stroop-victoria-desktop-v1-baseline,rt-pipeline-v1,ensino-schema-v1,2026-04-03 04:31:49.909191+00
118,188fd44e-19a5-4ea0-b059-e53fa217249d,22,2,Controle - palavras neutras,neutral_word,TRILHO,Azul,s,d,0,0,490,stroop-victoria-desktop-v1-baseline,rt-pipeline-v1,ensino-schema-v1,2026-04-03 04:31:49.909191+00
119,188fd44e-19a5-4ea0-b059-e53fa217249d,23,2,Controle - palavras neutras,neutral_word,NUVEM,Verde,d,d,1,0,555,stroop-victoria-desktop-v1-baseline,rt-pipeline-v1,ensino-schema-v1,2026-04-03 04:31:49.909191+00
120,188fd44e-19a5-4ea0-b059-e53fa217249d,24,2,Controle - palavras neutras,neutral_word,LIVRO,Verde,d,d,1,0,378,stroop-victoria-desktop-v1-baseline,rt-pipeline-v1,ensino-schema-v1,2026-04-03 04:31:49.909191+00
121,188fd44e-19a5-4ea0-b059-e53fa217249d,1,3,Interferencia - palavras incongruentes,incongruent_color_word,VERMELHO,Azul,s,s,1,0,609,stroop-victoria-desktop-v1-baseline,rt-pipeline-v1,ensino-schema-v1,2026-04-03 04:31:49.909191+00
122,188fd44e-19a5-4ea0-b059-e53fa217249d,2,3,Interferencia - palavras incongruentes,incongruent_color_word,AZUL,Vermelho,k,k,1,0,636,stroop-victoria-desktop-v1-baseline,rt-pipeline-v1,ensino-schema-v1,2026-04-03 04:31:49.909191+00
123,188fd44e-19a5-4ea0-b059-e53fa217249d,3,3,Interferencia - palavras incongruentes,incongruent_color_word,AZUL,Verde,d,d,1,0,756,stroop-victoria-desktop-v1-baseline,rt-pipeline-v1,ensino-schema-v1,2026-04-03 04:31:49.909191+00
124,188fd44e-19a5-4ea0-b059-e53fa217249d,4,3,Interferencia - palavras incongruentes,incongruent_color_word,VERDE,Vermelho,k,k,1,0,477,stroop-victoria-desktop-v1-baseline,rt-pipeline-v1,ensino-schema-v1,2026-04-03 04:31:49.909191+00
125,188fd44e-19a5-4ea0-b059-e53fa217249d,5,3,Interferencia - palavras incongruentes,incongruent_color_word,AMARELO,Azul,s,s,1,0,400,stroop-victoria-desktop-v1-baseline,rt-pipeline-v1,ensino-schema-v1,2026-04-03 04:31:49.909191+00
126,188fd44e-19a5-4ea0-b059-e53fa217249d,6,3,Interferencia - palavras incongruentes,incongruent_color_word,AMARELO,Verde,d,d,1,0,510,stroop-victoria-desktop-v1-baseline,rt-pipeline-v1,ensino-schema-v1,2026-04-03 04:31:49.909191+00
127,188fd44e-19a5-4ea0-b059-e53fa217249d,7,3,Interferencia - palavras incongruentes,incongruent_color_word,AZUL,Amarelo,l,l,1,0,491,stroop-victoria-desktop-v1-baseline,rt-pipeline-v1,ensino-schema-v1,2026-04-03 04:31:49.909191+00
128,188fd44e-19a5-4ea0-b059-e53fa217249d,8,3,Interferencia - palavras incongruentes,incongruent_color_word,VERDE,Azul,s,s,1,0,522,stroop-victoria-desktop-v1-baseline,rt-pipeline-v1,ensino-schema-v1,2026-04-03 04:31:49.909191+00
129,188fd44e-19a5-4ea0-b059-e53fa217249d,9,3,Interferencia - palavras incongruentes,incongruent_color_word,AMARELO,Vermelho,k,k,1,0,449,stroop-victoria-desktop-v1-baseline,rt-pipeline-v1,ensino-schema-v1,2026-04-03 04:31:49.909191+00
130,188fd44e-19a5-4ea0-b059-e53fa217249d,10,3,Interferencia - palavras incongruentes,incongruent_color_word,VERDE,Amarelo,l,l,1,0,508,stroop-victoria-desktop-v1-baseline,rt-pipeline-v1,ensino-schema-v1,2026-04-03 04:31:49.909191+00
131,188fd44e-19a5-4ea0-b059-e53fa217249d,11,3,Interferencia - palavras incongruentes,incongruent_color_word,VERMELHO,Azul,s,s,1,0,579,stroop-victoria-desktop-v1-baseline,rt-pipeline-v1,ensino-schema-v1,2026-04-03 04:31:49.909191+00
132,188fd44e-19a5-4ea0-b059-e53fa217249d,12,3,Interferencia - palavras incongruentes,incongruent_color_word,AMARELO,Azul,s,s,1,0,669,stroop-victoria-desktop-v1-baseline,rt-pipeline-v1,ensino-schema-v1,2026-04-03 04:31:49.909191+00
133,188fd44e-19a5-4ea0-b059-e53fa217249d,13,3,Interferencia - palavras incongruentes,incongruent_color_word,AZUL,Amarelo,l,l,1,0,636,stroop-victoria-desktop-v1-baseline,rt-pipeline-v1,ensino-schema-v1,2026-04-03 04:31:49.909191+00
134,188fd44e-19a5-4ea0-b059-e53fa217249d,14,3,Interferencia - palavras incongruentes,incongruent_color_word,AMARELO,Verde,d,s,0,0,479,stroop-victoria-desktop-v1-baseline,rt-pipeline-v1,ensino-schema-v1,2026-04-03 04:31:49.909191+00
135,188fd44e-19a5-4ea0-b059-e53fa217249d,15,3,Interferencia - palavras incongruentes,incongruent_color_word,VERMELHO,Amarelo,l,l,1,0,482,stroop-victoria-desktop-v1-baseline,rt-pipeline-v1,ensino-schema-v1,2026-04-03 04:31:49.909191+00
136,188fd44e-19a5-4ea0-b059-e53fa217249d,16,3,Interferencia - palavras incongruentes,incongruent_color_word,VERDE,Vermelho,k,k,1,0,503,stroop-victoria-desktop-v1-baseline,rt-pipeline-v1,ensino-schema-v1,2026-04-03 04:31:49.909191+00
137,188fd44e-19a5-4ea0-b059-e53fa217249d,17,3,Interferencia - palavras incongruentes,incongruent_color_word,AZUL,Verde,d,s,0,0,550,stroop-victoria-desktop-v1-baseline,rt-pipeline-v1,ensino-schema-v1,2026-04-03 04:31:49.909191+00
138,188fd44e-19a5-4ea0-b059-e53fa217249d,18,3,Interferencia - palavras incongruentes,incongruent_color_word,VERMELHO,Verde,d,d,1,0,463,stroop-victoria-desktop-v1-baseline,rt-pipeline-v1,ensino-schema-v1,2026-04-03 04:31:49.909191+00
139,188fd44e-19a5-4ea0-b059-e53fa217249d,19,3,Interferencia - palavras incongruentes,incongruent_color_word,AZUL,Vermelho,k,k,1,0,588,stroop-victoria-desktop-v1-baseline,rt-pipeline-v1,ensino-schema-v1,2026-04-03 04:31:49.909191+00
140,188fd44e-19a5-4ea0-b059-e53fa217249d,20,3,Interferencia - palavras incongruentes,incongruent_color_word,VERMELHO,Amarelo,l,l,1,0,573,stroop-victoria-desktop-v1-baseline,rt-pipeline-v1,ensino-schema-v1,2026-04-03 04:31:49.909191+00
141,188fd44e-19a5-4ea0-b059-e53fa217249d,21,3,Interferencia - palavras incongruentes,incongruent_color_word,VERDE,Amarelo,l,l,1,0,550,stroop-victoria-desktop-v1-baseline,rt-pipeline-v1,ensino-schema-v1,2026-04-03 04:31:49.909191+00
142,188fd44e-19a5-4ea0-b059-e53fa217249d,22,3,Interferencia - palavras incongruentes,incongruent_color_word,VERDE,Azul,s,s,1,0,464,stroop-victoria-desktop-v1-baseline,rt-pipeline-v1,ensino-schema-v1,2026-04-03 04:31:49.909191+00
143,188fd44e-19a5-4ea0-b059-e53fa217249d,23,3,Interferencia - palavras incongruentes,incongruent_color_word,VERMELHO,Verde,d,d,1,0,445,stroop-victoria-desktop-v1-baseline,rt-pipeline-v1,ensino-schema-v1,2026-04-03 04:31:49.909191+00
144,188fd44e-19a5-4ea0-b059-e53fa217249d,24,3,Interferencia - palavras incongruentes,incongruent_color_word,AMARELO,Vermelho,k,k,1,0,537,stroop-victoria-desktop-v1-baseline,rt-pipeline-v1,ensino-schema-v1,2026-04-03 04:31:49.909191+00
145,02912a01-e448-4e97-b756-4fea97e65d8c,1,1,Neutro - circulos coloridos,circle,circulo,Vermelho,k,k,1,0,825,stroop-victoria-desktop-v1-baseline,rt-pipeline-v1,ensino-schema-v1,2026-04-03 04:47:18.476267+00
146,02912a01-e448-4e97-b756-4fea97e65d8c,2,1,Neutro - circulos coloridos,circle,circulo,Vermelho,k,k,1,0,365,stroop-victoria-desktop-v1-baseline,rt-pipeline-v1,ensino-schema-v1,2026-04-03 04:47:18.476267+00
147,02912a01-e448-4e97-b756-4fea97e65d8c,3,1,Neutro - circulos coloridos,circle,circulo,Verde,d,d,1,0,459,stroop-victoria-desktop-v1-baseline,rt-pipeline-v1,ensino-schema-v1,2026-04-03 04:47:18.476267+00
148,02912a01-e448-4e97-b756-4fea97e65d8c,4,1,Neutro - circulos coloridos,circle,circulo,Verde,d,d,1,0,388,stroop-victoria-desktop-v1-baseline,rt-pipeline-v1,ensino-schema-v1,2026-04-03 04:47:18.476267+00
149,02912a01-e448-4e97-b756-4fea97e65d8c,5,1,Neutro - circulos coloridos,circle,circulo,Amarelo,l,l,1,0,390,stroop-victoria-desktop-v1-baseline,rt-pipeline-v1,ensino-schema-v1,2026-04-03 04:47:18.476267+00
150,02912a01-e448-4e97-b756-4fea97e65d8c,6,1,Neutro - circulos coloridos,circle,circulo,Azul,s,s,1,0,555,stroop-victoria-desktop-v1-baseline,rt-pipeline-v1,ensino-schema-v1,2026-04-03 04:47:18.476267+00
151,02912a01-e448-4e97-b756-4fea97e65d8c,7,1,Neutro - circulos coloridos,circle,circulo,Amarelo,l,l,1,0,642,stroop-victoria-desktop-v1-baseline,rt-pipeline-v1,ensino-schema-v1,2026-04-03 04:47:18.476267+00
152,02912a01-e448-4e97-b756-4fea97e65d8c,8,1,Neutro - circulos coloridos,circle,circulo,Azul,s,s,1,0,422,stroop-victoria-desktop-v1-baseline,rt-pipeline-v1,ensino-schema-v1,2026-04-03 04:47:18.476267+00
153,02912a01-e448-4e97-b756-4fea97e65d8c,9,1,Neutro - circulos coloridos,circle,circulo,Amarelo,l,l,1,0,545,stroop-victoria-desktop-v1-baseline,rt-pipeline-v1,ensino-schema-v1,2026-04-03 04:47:18.476267+00
154,02912a01-e448-4e97-b756-4fea97e65d8c,10,1,Neutro - circulos coloridos,circle,circulo,Amarelo,l,l,1,0,415,stroop-victoria-desktop-v1-baseline,rt-pipeline-v1,ensino-schema-v1,2026-04-03 04:47:18.476267+00
155,02912a01-e448-4e97-b756-4fea97e65d8c,11,1,Neutro - circulos coloridos,circle,circulo,Amarelo,l,l,1,0,493,stroop-victoria-desktop-v1-baseline,rt-pipeline-v1,ensino-schema-v1,2026-04-03 04:47:18.476267+00
156,02912a01-e448-4e97-b756-4fea97e65d8c,12,1,Neutro - circulos coloridos,circle,circulo,Azul,s,d,0,0,431,stroop-victoria-desktop-v1-baseline,rt-pipeline-v1,ensino-schema-v1,2026-04-03 04:47:18.476267+00
157,02912a01-e448-4e97-b756-4fea97e65d8c,13,1,Neutro - circulos coloridos,circle,circulo,Vermelho,k,k,1,0,616,stroop-victoria-desktop-v1-baseline,rt-pipeline-v1,ensino-schema-v1,2026-04-03 04:47:18.476267+00
158,02912a01-e448-4e97-b756-4fea97e65d8c,14,1,Neutro - circulos coloridos,circle,circulo,Verde,d,s,0,0,570,stroop-victoria-desktop-v1-baseline,rt-pipeline-v1,ensino-schema-v1,2026-04-03 04:47:18.476267+00
159,02912a01-e448-4e97-b756-4fea97e65d8c,15,1,Neutro - circulos coloridos,circle,circulo,Vermelho,k,k,1,0,778,stroop-victoria-desktop-v1-baseline,rt-pipeline-v1,ensino-schema-v1,2026-04-03 04:47:18.476267+00
160,02912a01-e448-4e97-b756-4fea97e65d8c,16,1,Neutro - circulos coloridos,circle,circulo,Azul,s,s,1,0,559,stroop-victoria-desktop-v1-baseline,rt-pipeline-v1,ensino-schema-v1,2026-04-03 04:47:18.476267+00
161,02912a01-e448-4e97-b756-4fea97e65d8c,17,1,Neutro - circulos coloridos,circle,circulo,Azul,s,s,1,0,426,stroop-victoria-desktop-v1-baseline,rt-pipeline-v1,ensino-schema-v1,2026-04-03 04:47:18.476267+00
162,02912a01-e448-4e97-b756-4fea97e65d8c,18,1,Neutro - circulos coloridos,circle,circulo,Azul,s,s,1,0,359,stroop-victoria-desktop-v1-baseline,rt-pipeline-v1,ensino-schema-v1,2026-04-03 04:47:18.476267+00
163,02912a01-e448-4e97-b756-4fea97e65d8c,19,1,Neutro - circulos coloridos,circle,circulo,Verde,d,d,1,0,499,stroop-victoria-desktop-v1-baseline,rt-pipeline-v1,ensino-schema-v1,2026-04-03 04:47:18.476267+00
164,02912a01-e448-4e97-b756-4fea97e65d8c,20,1,Neutro - circulos coloridos,circle,circulo,Vermelho,k,k,1,0,386,stroop-victoria-desktop-v1-baseline,rt-pipeline-v1,ensino-schema-v1,2026-04-03 04:47:18.476267+00
165,02912a01-e448-4e97-b756-4fea97e65d8c,21,1,Neutro - circulos coloridos,circle,circulo,Verde,d,d,1,0,614,stroop-victoria-desktop-v1-baseline,rt-pipeline-v1,ensino-schema-v1,2026-04-03 04:47:18.476267+00
166,02912a01-e448-4e97-b756-4fea97e65d8c,22,1,Neutro - circulos coloridos,circle,circulo,Amarelo,l,l,1,0,483,stroop-victoria-desktop-v1-baseline,rt-pipeline-v1,ensino-schema-v1,2026-04-03 04:47:18.476267+00
167,02912a01-e448-4e97-b756-4fea97e65d8c,23,1,Neutro - circulos coloridos,circle,circulo,Verde,d,d,1,0,549,stroop-victoria-desktop-v1-baseline,rt-pipeline-v1,ensino-schema-v1,2026-04-03 04:47:18.476267+00
168,02912a01-e448-4e97-b756-4fea97e65d8c,24,1,Neutro - circulos coloridos,circle,circulo,Vermelho,k,k,1,0,507,stroop-victoria-desktop-v1-baseline,rt-pipeline-v1,ensino-schema-v1,2026-04-03 04:47:18.476267+00
169,02912a01-e448-4e97-b756-4fea97e65d8c,1,2,Controle - palavras neutras,neutral_word,CASA,Vermelho,k,k,1,0,707,stroop-victoria-desktop-v1-baseline,rt-pipeline-v1,ensino-schema-v1,2026-04-03 04:47:18.476267+00
170,02912a01-e448-4e97-b756-4fea97e65d8c,2,2,Controle - palavras neutras,neutral_word,MESA,Verde,d,d,1,0,638,stroop-victoria-desktop-v1-baseline,rt-pipeline-v1,ensino-schema-v1,2026-04-03 04:47:18.476267+00
171,02912a01-e448-4e97-b756-4fea97e65d8c,3,2,Controle - palavras neutras,neutral_word,NUVEM,Azul,s,s,1,0,478,stroop-victoria-desktop-v1-baseline,rt-pipeline-v1,ensino-schema-v1,2026-04-03 04:47:18.476267+00
172,02912a01-e448-4e97-b756-4fea97e65d8c,4,2,Controle - palavras neutras,neutral_word,JANELA,Verde,d,d,1,0,518,stroop-victoria-desktop-v1-baseline,rt-pipeline-v1,ensino-schema-v1,2026-04-03 04:47:18.476267+00
173,02912a01-e448-4e97-b756-4fea97e65d8c,5,2,Controle - palavras neutras,neutral_word,MESA,Vermelho,k,k,1,0,574,stroop-victoria-desktop-v1-baseline,rt-pipeline-v1,ensino-schema-v1,2026-04-03 04:47:18.476267+00
174,02912a01-e448-4e97-b756-4fea97e65d8c,6,2,Controle - palavras neutras,neutral_word,NUVEM,Verde,d,d,1,0,494,stroop-victoria-desktop-v1-baseline,rt-pipeline-v1,ensino-schema-v1,2026-04-03 04:47:18.476267+00
175,02912a01-e448-4e97-b756-4fea97e65d8c,7,2,Controle - palavras neutras,neutral_word,LIVRO,Amarelo,l,l,1,0,658,stroop-victoria-desktop-v1-baseline,rt-pipeline-v1,ensino-schema-v1,2026-04-03 04:47:18.476267+00
176,02912a01-e448-4e97-b756-4fea97e65d8c,8,2,Controle - palavras neutras,neutral_word,TRILHO,Amarelo,l,l,1,0,804,stroop-victoria-desktop-v1-baseline,rt-pipeline-v1,ensino-schema-v1,2026-04-03 04:47:18.476267+00
177,02912a01-e448-4e97-b756-4fea97e65d8c,9,2,Controle - palavras neutras,neutral_word,LIVRO,Vermelho,k,k,1,0,933,stroop-victoria-desktop-v1-baseline,rt-pipeline-v1,ensino-schema-v1,2026-04-03 04:47:18.476267+00
178,02912a01-e448-4e97-b756-4fea97e65d8c,10,2,Controle - palavras neutras,neutral_word,TRILHO,Verde,d,d,1,0,545,stroop-victoria-desktop-v1-baseline,rt-pipeline-v1,ensino-schema-v1,2026-04-03 04:47:18.476267+00
179,02912a01-e448-4e97-b756-4fea97e65d8c,11,2,Controle - palavras neutras,neutral_word,LIVRO,Verde,d,k,0,0,518,stroop-victoria-desktop-v1-baseline,rt-pipeline-v1,ensino-schema-v1,2026-04-03 04:47:18.476267+00
180,02912a01-e448-4e97-b756-4fea97e65d8c,12,2,Controle - palavras neutras,neutral_word,MESA,Azul,s,s,1,0,625,stroop-victoria-desktop-v1-baseline,rt-pipeline-v1,ensino-schema-v1,2026-04-03 04:47:18.476267+00
181,02912a01-e448-4e97-b756-4fea97e65d8c,13,2,Controle - palavras neutras,neutral_word,JANELA,Vermelho,k,k,1,0,691,stroop-victoria-desktop-v1-baseline,rt-pipeline-v1,ensino-schema-v1,2026-04-03 04:47:18.476267+00
182,02912a01-e448-4e97-b756-4fea97e65d8c,14,2,Controle - palavras neutras,neutral_word,CASA,Verde,d,d,1,0,499,stroop-victoria-desktop-v1-baseline,rt-pipeline-v1,ensino-schema-v1,2026-04-03 04:47:18.476267+00
183,02912a01-e448-4e97-b756-4fea97e65d8c,15,2,Controle - palavras neutras,neutral_word,TRILHO,Vermelho,k,k,1,0,465,stroop-victoria-desktop-v1-baseline,rt-pipeline-v1,ensino-schema-v1,2026-04-03 04:47:18.476267+00
184,02912a01-e448-4e97-b756-4fea97e65d8c,16,2,Controle - palavras neutras,neutral_word,JANELA,Azul,s,s,1,0,513,stroop-victoria-desktop-v1-baseline,rt-pipeline-v1,ensino-schema-v1,2026-04-03 04:47:18.476267+00
185,02912a01-e448-4e97-b756-4fea97e65d8c,17,2,Controle - palavras neutras,neutral_word,CASA,Amarelo,l,l,1,0,564,stroop-victoria-desktop-v1-baseline,rt-pipeline-v1,ensino-schema-v1,2026-04-03 04:47:18.476267+00
186,02912a01-e448-4e97-b756-4fea97e65d8c,18,2,Controle - palavras neutras,neutral_word,JANELA,Amarelo,l,l,1,0,370,stroop-victoria-desktop-v1-baseline,rt-pipeline-v1,ensino-schema-v1,2026-04-03 04:47:18.476267+00
187,02912a01-e448-4e97-b756-4fea97e65d8c,19,2,Controle - palavras neutras,neutral_word,NUVEM,Amarelo,l,l,1,0,394,stroop-victoria-desktop-v1-baseline,rt-pipeline-v1,ensino-schema-v1,2026-04-03 04:47:18.476267+00
188,02912a01-e448-4e97-b756-4fea97e65d8c,20,2,Controle - palavras neutras,neutral_word,TRILHO,Azul,s,s,1,0,474,stroop-victoria-desktop-v1-baseline,rt-pipeline-v1,ensino-schema-v1,2026-04-03 04:47:18.476267+00
189,02912a01-e448-4e97-b756-4fea97e65d8c,21,2,Controle - palavras neutras,neutral_word,LIVRO,Azul,s,s,1,0,414,stroop-victoria-desktop-v1-baseline,rt-pipeline-v1,ensino-schema-v1,2026-04-03 04:47:18.476267+00
190,02912a01-e448-4e97-b756-4fea97e65d8c,22,2,Controle - palavras neutras,neutral_word,MESA,Amarelo,l,l,1,0,497,stroop-victoria-desktop-v1-baseline,rt-pipeline-v1,ensino-schema-v1,2026-04-03 04:47:18.476267+00
191,02912a01-e448-4e97-b756-4fea97e65d8c,23,2,Controle - palavras neutras,neutral_word,CASA,Azul,s,s,1,0,532,stroop-victoria-desktop-v1-baseline,rt-pipeline-v1,ensino-schema-v1,2026-04-03 04:47:18.476267+00
192,02912a01-e448-4e97-b756-4fea97e65d8c,24,2,Controle - palavras neutras,neutral_word,NUVEM,Vermelho,k,k,1,0,593,stroop-victoria-desktop-v1-baseline,rt-pipeline-v1,ensino-schema-v1,2026-04-03 04:47:18.476267+00
193,02912a01-e448-4e97-b756-4fea97e65d8c,1,3,Interferencia - palavras incongruentes,incongruent_color_word,AZUL,Verde,d,d,1,0,833,stroop-victoria-desktop-v1-baseline,rt-pipeline-v1,ensino-schema-v1,2026-04-03 04:47:18.476267+00
194,02912a01-e448-4e97-b756-4fea97e65d8c,2,3,Interferencia - palavras incongruentes,incongruent_color_word,AZUL,Verde,d,d,1,0,489,stroop-victoria-desktop-v1-baseline,rt-pipeline-v1,ensino-schema-v1,2026-04-03 04:47:18.476267+00
195,02912a01-e448-4e97-b756-4fea97e65d8c,3,3,Interferencia - palavras incongruentes,incongruent_color_word,VERDE,Vermelho,k,k,1,0,553,stroop-victoria-desktop-v1-baseline,rt-pipeline-v1,ensino-schema-v1,2026-04-03 04:47:18.476267+00
196,02912a01-e448-4e97-b756-4fea97e65d8c,4,3,Interferencia - palavras incongruentes,incongruent_color_word,VERMELHO,Azul,s,s,1,0,487,stroop-victoria-desktop-v1-baseline,rt-pipeline-v1,ensino-schema-v1,2026-04-03 04:47:18.476267+00
197,02912a01-e448-4e97-b756-4fea97e65d8c,5,3,Interferencia - palavras incongruentes,incongruent_color_word,AMARELO,Verde,d,d,1,0,497,stroop-victoria-desktop-v1-baseline,rt-pipeline-v1,ensino-schema-v1,2026-04-03 04:47:18.476267+00
198,02912a01-e448-4e97-b756-4fea97e65d8c,6,3,Interferencia - palavras incongruentes,incongruent_color_word,AZUL,Vermelho,k,k,1,0,480,stroop-victoria-desktop-v1-baseline,rt-pipeline-v1,ensino-schema-v1,2026-04-03 04:47:18.476267+00
199,02912a01-e448-4e97-b756-4fea97e65d8c,7,3,Interferencia - palavras incongruentes,incongruent_color_word,VERMELHO,Amarelo,l,l,1,0,542,stroop-victoria-desktop-v1-baseline,rt-pipeline-v1,ensino-schema-v1,2026-04-03 04:47:18.476267+00
200,02912a01-e448-4e97-b756-4fea97e65d8c,8,3,Interferencia - palavras incongruentes,incongruent_color_word,AMARELO,Vermelho,k,k,1,0,603,stroop-victoria-desktop-v1-baseline,rt-pipeline-v1,ensino-schema-v1,2026-04-03 04:47:18.476267+00
201,02912a01-e448-4e97-b756-4fea97e65d8c,9,3,Interferencia - palavras incongruentes,incongruent_color_word,AMARELO,Azul,s,s,1,0,448,stroop-victoria-desktop-v1-baseline,rt-pipeline-v1,ensino-schema-v1,2026-04-03 04:47:18.476267+00
202,02912a01-e448-4e97-b756-4fea97e65d8c,10,3,Interferencia - palavras incongruentes,incongruent_color_word,VERDE,Vermelho,k,k,1,0,537,stroop-victoria-desktop-v1-baseline,rt-pipeline-v1,ensino-schema-v1,2026-04-03 04:47:18.476267+00
203,02912a01-e448-4e97-b756-4fea97e65d8c,11,3,Interferencia - palavras incongruentes,incongruent_color_word,AMARELO,Verde,d,d,1,0,635,stroop-victoria-desktop-v1-baseline,rt-pipeline-v1,ensino-schema-v1,2026-04-03 04:47:18.476267+00
204,02912a01-e448-4e97-b756-4fea97e65d8c,12,3,Interferencia - palavras incongruentes,incongruent_color_word,VERMELHO,Verde,d,d,1,0,450,stroop-victoria-desktop-v1-baseline,rt-pipeline-v1,ensino-schema-v1,2026-04-03 04:47:18.476267+00
205,02912a01-e448-4e97-b756-4fea97e65d8c,13,3,Interferencia - palavras incongruentes,incongruent_color_word,AMARELO,Vermelho,k,k,1,0,641,stroop-victoria-desktop-v1-baseline,rt-pipeline-v1,ensino-schema-v1,2026-04-03 04:47:18.476267+00
206,02912a01-e448-4e97-b756-4fea97e65d8c,14,3,Interferencia - palavras incongruentes,incongruent_color_word,VERDE,Azul,s,s,1,0,507,stroop-victoria-desktop-v1-baseline,rt-pipeline-v1,ensino-schema-v1,2026-04-03 04:47:18.476267+00
207,02912a01-e448-4e97-b756-4fea97e65d8c,15,3,Interferencia - palavras incongruentes,incongruent_color_word,AZUL,Amarelo,l,l,1,0,649,stroop-victoria-desktop-v1-baseline,rt-pipeline-v1,ensino-schema-v1,2026-04-03 04:47:18.476267+00
208,02912a01-e448-4e97-b756-4fea97e65d8c,16,3,Interferencia - palavras incongruentes,incongruent_color_word,VERMELHO,Azul,s,s,1,0,647,stroop-victoria-desktop-v1-baseline,rt-pipeline-v1,ensino-schema-v1,2026-04-03 04:47:18.476267+00
209,02912a01-e448-4e97-b756-4fea97e65d8c,17,3,Interferencia - palavras incongruentes,incongruent_color_word,VERDE,Azul,s,s,1,0,509,stroop-victoria-desktop-v1-baseline,rt-pipeline-v1,ensino-schema-v1,2026-04-03 04:47:18.476267+00
210,02912a01-e448-4e97-b756-4fea97e65d8c,18,3,Interferencia - palavras incongruentes,incongruent_color_word,VERDE,Amarelo,l,l,1,0,616,stroop-victoria-desktop-v1-baseline,rt-pipeline-v1,ensino-schema-v1,2026-04-03 04:47:18.476267+00
211,02912a01-e448-4e97-b756-4fea97e65d8c,19,3,Interferencia - palavras incongruentes,incongruent_color_word,VERDE,Amarelo,l,l,1,0,441,stroop-victoria-desktop-v1-baseline,rt-pipeline-v1,ensino-schema-v1,2026-04-03 04:47:18.476267+00
212,02912a01-e448-4e97-b756-4fea97e65d8c,20,3,Interferencia - palavras incongruentes,incongruent_color_word,VERMELHO,Amarelo,l,l,1,0,492,stroop-victoria-desktop-v1-baseline,rt-pipeline-v1,ensino-schema-v1,2026-04-03 04:47:18.476267+00
213,02912a01-e448-4e97-b756-4fea97e65d8c,21,3,Interferencia - palavras incongruentes,incongruent_color_word,AZUL,Vermelho,k,k,1,0,590,stroop-victoria-desktop-v1-baseline,rt-pipeline-v1,ensino-schema-v1,2026-04-03 04:47:18.476267+00
214,02912a01-e448-4e97-b756-4fea97e65d8c,22,3,Interferencia - palavras incongruentes,incongruent_color_word,AMARELO,Azul,s,s,1,0,417,stroop-victoria-desktop-v1-baseline,rt-pipeline-v1,ensino-schema-v1,2026-04-03 04:47:18.476267+00
215,02912a01-e448-4e97-b756-4fea97e65d8c,23,3,Interferencia - palavras incongruentes,incongruent_color_word,VERMELHO,Verde,d,d,1,0,735,stroop-victoria-desktop-v1-baseline,rt-pipeline-v1,ensino-schema-v1,2026-04-03 04:47:18.476267+00
216,02912a01-e448-4e97-b756-4fea97e65d8c,24,3,Interferencia - palavras incongruentes,incongruent_color_word,AZUL,Amarelo,l,l,1,0,572,stroop-victoria-desktop-v1-baseline,rt-pipeline-v1,ensino-schema-v1,2026-04-03 04:47:18.476267+00
217,6e1eab14-a696-4482-ad4b-a1881bca758c,1,1,Neutro - circulos coloridos,circle,circulo,Verde,d,d,1,0,1186,stroop-victoria-desktop-v1-baseline,rt-pipeline-v1,ensino-schema-v1,2026-04-03 15:22:38.020976+00
218,6e1eab14-a696-4482-ad4b-a1881bca758c,2,1,Neutro - circulos coloridos,circle,circulo,Amarelo,l,l,1,0,994,stroop-victoria-desktop-v1-baseline,rt-pipeline-v1,ensino-schema-v1,2026-04-03 15:22:38.020976+00
219,6e1eab14-a696-4482-ad4b-a1881bca758c,3,1,Neutro - circulos coloridos,circle,circulo,Azul,s,s,1,0,772,stroop-victoria-desktop-v1-baseline,rt-pipeline-v1,ensino-schema-v1,2026-04-03 15:22:38.020976+00
220,6e1eab14-a696-4482-ad4b-a1881bca758c,4,1,Neutro - circulos coloridos,circle,circulo,Azul,s,s,1,0,690,stroop-victoria-desktop-v1-baseline,rt-pipeline-v1,ensino-schema-v1,2026-04-03 15:22:38.020976+00
221,6e1eab14-a696-4482-ad4b-a1881bca758c,5,1,Neutro - circulos coloridos,circle,circulo,Amarelo,l,l,1,0,667,stroop-victoria-desktop-v1-baseline,rt-pipeline-v1,ensino-schema-v1,2026-04-03 15:22:38.020976+00
222,6e1eab14-a696-4482-ad4b-a1881bca758c,6,1,Neutro - circulos coloridos,circle,circulo,Verde,d,d,1,0,686,stroop-victoria-desktop-v1-baseline,rt-pipeline-v1,ensino-schema-v1,2026-04-03 15:22:38.020976+00
223,6e1eab14-a696-4482-ad4b-a1881bca758c,7,1,Neutro - circulos coloridos,circle,circulo,Azul,s,s,1,0,554,stroop-victoria-desktop-v1-baseline,rt-pipeline-v1,ensino-schema-v1,2026-04-03 15:22:38.020976+00
224,6e1eab14-a696-4482-ad4b-a1881bca758c,8,1,Neutro - circulos coloridos,circle,circulo,Vermelho,k,k,1,0,566,stroop-victoria-desktop-v1-baseline,rt-pipeline-v1,ensino-schema-v1,2026-04-03 15:22:38.020976+00
225,6e1eab14-a696-4482-ad4b-a1881bca758c,9,1,Neutro - circulos coloridos,circle,circulo,Vermelho,k,k,1,0,579,stroop-victoria-desktop-v1-baseline,rt-pipeline-v1,ensino-schema-v1,2026-04-03 15:22:38.020976+00
226,6e1eab14-a696-4482-ad4b-a1881bca758c,10,1,Neutro - circulos coloridos,circle,circulo,Azul,s,s,1,0,614,stroop-victoria-desktop-v1-baseline,rt-pipeline-v1,ensino-schema-v1,2026-04-03 15:22:38.020976+00
227,6e1eab14-a696-4482-ad4b-a1881bca758c,11,1,Neutro - circulos coloridos,circle,circulo,Verde,d,d,1,0,468,stroop-victoria-desktop-v1-baseline,rt-pipeline-v1,ensino-schema-v1,2026-04-03 15:22:38.020976+00
228,6e1eab14-a696-4482-ad4b-a1881bca758c,12,1,Neutro - circulos coloridos,circle,circulo,Vermelho,k,k,1,0,459,stroop-victoria-desktop-v1-baseline,rt-pipeline-v1,ensino-schema-v1,2026-04-03 15:22:38.020976+00
229,6e1eab14-a696-4482-ad4b-a1881bca758c,13,1,Neutro - circulos coloridos,circle,circulo,Verde,d,d,1,0,569,stroop-victoria-desktop-v1-baseline,rt-pipeline-v1,ensino-schema-v1,2026-04-03 15:22:38.020976+00
230,6e1eab14-a696-4482-ad4b-a1881bca758c,14,1,Neutro - circulos coloridos,circle,circulo,Amarelo,l,l,1,0,513,stroop-victoria-desktop-v1-baseline,rt-pipeline-v1,ensino-schema-v1,2026-04-03 15:22:38.020976+00
231,6e1eab14-a696-4482-ad4b-a1881bca758c,15,1,Neutro - circulos coloridos,circle,circulo,Verde,d,d,1,0,487,stroop-victoria-desktop-v1-baseline,rt-pipeline-v1,ensino-schema-v1,2026-04-03 15:22:38.020976+00
232,6e1eab14-a696-4482-ad4b-a1881bca758c,16,1,Neutro - circulos coloridos,circle,circulo,Azul,s,s,1,0,350,stroop-victoria-desktop-v1-baseline,rt-pipeline-v1,ensino-schema-v1,2026-04-03 15:22:38.020976+00
233,6e1eab14-a696-4482-ad4b-a1881bca758c,17,1,Neutro - circulos coloridos,circle,circulo,Vermelho,k,k,1,0,499,stroop-victoria-desktop-v1-baseline,rt-pipeline-v1,ensino-schema-v1,2026-04-03 15:22:38.020976+00
234,6e1eab14-a696-4482-ad4b-a1881bca758c,18,1,Neutro - circulos coloridos,circle,circulo,Vermelho,k,k,1,0,599,stroop-victoria-desktop-v1-baseline,rt-pipeline-v1,ensino-schema-v1,2026-04-03 15:22:38.020976+00
235,6e1eab14-a696-4482-ad4b-a1881bca758c,19,1,Neutro - circulos coloridos,circle,circulo,Azul,s,s,1,0,558,stroop-victoria-desktop-v1-baseline,rt-pipeline-v1,ensino-schema-v1,2026-04-03 15:22:38.020976+00
236,6e1eab14-a696-4482-ad4b-a1881bca758c,20,1,Neutro - circulos coloridos,circle,circulo,Amarelo,l,k,0,0,486,stroop-victoria-desktop-v1-baseline,rt-pipeline-v1,ensino-schema-v1,2026-04-03 15:22:38.020976+00
237,6e1eab14-a696-4482-ad4b-a1881bca758c,21,1,Neutro - circulos coloridos,circle,circulo,Amarelo,l,l,1,0,503,stroop-victoria-desktop-v1-baseline,rt-pipeline-v1,ensino-schema-v1,2026-04-03 15:22:38.020976+00
238,6e1eab14-a696-4482-ad4b-a1881bca758c,22,1,Neutro - circulos coloridos,circle,circulo,Verde,d,d,1,0,551,stroop-victoria-desktop-v1-baseline,rt-pipeline-v1,ensino-schema-v1,2026-04-03 15:22:38.020976+00
239,6e1eab14-a696-4482-ad4b-a1881bca758c,23,1,Neutro - circulos coloridos,circle,circulo,Vermelho,k,k,1,0,390,stroop-victoria-desktop-v1-baseline,rt-pipeline-v1,ensino-schema-v1,2026-04-03 15:22:38.020976+00
240,6e1eab14-a696-4482-ad4b-a1881bca758c,24,1,Neutro - circulos coloridos,circle,circulo,Amarelo,l,l,1,0,580,stroop-victoria-desktop-v1-baseline,rt-pipeline-v1,ensino-schema-v1,2026-04-03 15:22:38.020976+00
241,6e1eab14-a696-4482-ad4b-a1881bca758c,1,2,Controle - palavras neutras,neutral_word,TRILHO,Vermelho,k,k,1,0,697,stroop-victoria-desktop-v1-baseline,rt-pipeline-v1,ensino-schema-v1,2026-04-03 15:22:38.020976+00
242,6e1eab14-a696-4482-ad4b-a1881bca758c,2,2,Controle - palavras neutras,neutral_word,NUVEM,Vermelho,k,k,1,0,739,stroop-victoria-desktop-v1-baseline,rt-pipeline-v1,ensino-schema-v1,2026-04-03 15:22:38.020976+00
243,6e1eab14-a696-4482-ad4b-a1881bca758c,3,2,Controle - palavras neutras,neutral_word,CASA,Amarelo,l,l,1,0,490,stroop-victoria-desktop-v1-baseline,rt-pipeline-v1,ensino-schema-v1,2026-04-03 15:22:38.020976+00
244,6e1eab14-a696-4482-ad4b-a1881bca758c,4,2,Controle - palavras neutras,neutral_word,MESA,Vermelho,k,k,1,0,608,stroop-victoria-desktop-v1-baseline,rt-pipeline-v1,ensino-schema-v1,2026-04-03 15:22:38.020976+00
245,6e1eab14-a696-4482-ad4b-a1881bca758c,5,2,Controle - palavras neutras,neutral_word,CASA,Vermelho,k,k,1,0,438,stroop-victoria-desktop-v1-baseline,rt-pipeline-v1,ensino-schema-v1,2026-04-03 15:22:38.020976+00
246,6e1eab14-a696-4482-ad4b-a1881bca758c,6,2,Controle - palavras neutras,neutral_word,TRILHO,Verde,d,d,1,0,511,stroop-victoria-desktop-v1-baseline,rt-pipeline-v1,ensino-schema-v1,2026-04-03 15:22:38.020976+00
247,6e1eab14-a696-4482-ad4b-a1881bca758c,7,2,Controle - palavras neutras,neutral_word,MESA,Amarelo,l,l,1,0,580,stroop-victoria-desktop-v1-baseline,rt-pipeline-v1,ensino-schema-v1,2026-04-03 15:22:38.020976+00
248,6e1eab14-a696-4482-ad4b-a1881bca758c,8,2,Controle - palavras neutras,neutral_word,MESA,Azul,s,s,1,0,576,stroop-victoria-desktop-v1-baseline,rt-pipeline-v1,ensino-schema-v1,2026-04-03 15:22:38.020976+00
249,6e1eab14-a696-4482-ad4b-a1881bca758c,9,2,Controle - palavras neutras,neutral_word,CASA,Azul,s,s,1,0,482,stroop-victoria-desktop-v1-baseline,rt-pipeline-v1,ensino-schema-v1,2026-04-03 15:22:38.020976+00
250,6e1eab14-a696-4482-ad4b-a1881bca758c,10,2,Controle - palavras neutras,neutral_word,LIVRO,Amarelo,l,l,1,0,598,stroop-victoria-desktop-v1-baseline,rt-pipeline-v1,ensino-schema-v1,2026-04-03 15:22:38.020976+00
251,6e1eab14-a696-4482-ad4b-a1881bca758c,11,2,Controle - palavras neutras,neutral_word,JANELA,Vermelho,k,k,1,0,431,stroop-victoria-desktop-v1-baseline,rt-pipeline-v1,ensino-schema-v1,2026-04-03 15:22:38.020976+00
252,6e1eab14-a696-4482-ad4b-a1881bca758c,12,2,Controle - palavras neutras,neutral_word,JANELA,Amarelo,l,l,1,0,535,stroop-victoria-desktop-v1-baseline,rt-pipeline-v1,ensino-schema-v1,2026-04-03 15:22:38.020976+00
253,6e1eab14-a696-4482-ad4b-a1881bca758c,13,2,Controle - palavras neutras,neutral_word,NUVEM,Amarelo,l,l,1,0,456,stroop-victoria-desktop-v1-baseline,rt-pipeline-v1,ensino-schema-v1,2026-04-03 15:22:38.020976+00
254,6e1eab14-a696-4482-ad4b-a1881bca758c,14,2,Controle - palavras neutras,neutral_word,NUVEM,Azul,s,s,1,0,565,stroop-victoria-desktop-v1-baseline,rt-pipeline-v1,ensino-schema-v1,2026-04-03 15:22:38.020976+00
255,6e1eab14-a696-4482-ad4b-a1881bca758c,15,2,Controle - palavras neutras,neutral_word,MESA,Verde,d,d,1,0,456,stroop-victoria-desktop-v1-baseline,rt-pipeline-v1,ensino-schema-v1,2026-04-03 15:22:38.020976+00
256,6e1eab14-a696-4482-ad4b-a1881bca758c,16,2,Controle - palavras neutras,neutral_word,JANELA,Azul,s,s,1,0,403,stroop-victoria-desktop-v1-baseline,rt-pipeline-v1,ensino-schema-v1,2026-04-03 15:22:38.020976+00
257,6e1eab14-a696-4482-ad4b-a1881bca758c,17,2,Controle - palavras neutras,neutral_word,TRILHO,Azul,s,s,1,0,604,stroop-victoria-desktop-v1-baseline,rt-pipeline-v1,ensino-schema-v1,2026-04-03 15:22:38.020976+00
258,6e1eab14-a696-4482-ad4b-a1881bca758c,18,2,Controle - palavras neutras,neutral_word,LIVRO,Vermelho,k,k,1,0,560,stroop-victoria-desktop-v1-baseline,rt-pipeline-v1,ensino-schema-v1,2026-04-03 15:22:38.020976+00
259,6e1eab14-a696-4482-ad4b-a1881bca758c,19,2,Controle - palavras neutras,neutral_word,LIVRO,Azul,s,s,1,0,534,stroop-victoria-desktop-v1-baseline,rt-pipeline-v1,ensino-schema-v1,2026-04-03 15:22:38.020976+00
260,6e1eab14-a696-4482-ad4b-a1881bca758c,20,2,Controle - palavras neutras,neutral_word,LIVRO,Verde,d,k,0,0,579,stroop-victoria-desktop-v1-baseline,rt-pipeline-v1,ensino-schema-v1,2026-04-03 15:22:38.020976+00
261,6e1eab14-a696-4482-ad4b-a1881bca758c,21,2,Controle - palavras neutras,neutral_word,CASA,Verde,d,d,1,0,465,stroop-victoria-desktop-v1-baseline,rt-pipeline-v1,ensino-schema-v1,2026-04-03 15:22:38.020976+00
262,6e1eab14-a696-4482-ad4b-a1881bca758c,22,2,Controle - palavras neutras,neutral_word,JANELA,Verde,d,d,1,0,326,stroop-victoria-desktop-v1-baseline,rt-pipeline-v1,ensino-schema-v1,2026-04-03 15:22:38.020976+00
263,6e1eab14-a696-4482-ad4b-a1881bca758c,23,2,Controle - palavras neutras,neutral_word,NUVEM,Verde,d,d,1,0,342,stroop-victoria-desktop-v1-baseline,rt-pipeline-v1,ensino-schema-v1,2026-04-03 15:22:38.020976+00
264,6e1eab14-a696-4482-ad4b-a1881bca758c,24,2,Controle - palavras neutras,neutral_word,TRILHO,Amarelo,l,l,1,0,566,stroop-victoria-desktop-v1-baseline,rt-pipeline-v1,ensino-schema-v1,2026-04-03 15:22:38.020976+00
265,6e1eab14-a696-4482-ad4b-a1881bca758c,1,3,Interferencia - palavras incongruentes,incongruent_color_word,AZUL,Amarelo,l,l,1,0,1043,stroop-victoria-desktop-v1-baseline,rt-pipeline-v1,ensino-schema-v1,2026-04-03 15:22:38.020976+00
266,6e1eab14-a696-4482-ad4b-a1881bca758c,2,3,Interferencia - palavras incongruentes,incongruent_color_word,AZUL,Verde,d,d,1,0,721,stroop-victoria-desktop-v1-baseline,rt-pipeline-v1,ensino-schema-v1,2026-04-03 15:22:38.020976+00
267,6e1eab14-a696-4482-ad4b-a1881bca758c,3,3,Interferencia - palavras incongruentes,incongruent_color_word,VERMELHO,Verde,d,d,1,0,838,stroop-victoria-desktop-v1-baseline,rt-pipeline-v1,ensino-schema-v1,2026-04-03 15:22:38.020976+00
268,6e1eab14-a696-4482-ad4b-a1881bca758c,4,3,Interferencia - palavras incongruentes,incongruent_color_word,VERDE,Vermelho,k,k,1,0,508,stroop-victoria-desktop-v1-baseline,rt-pipeline-v1,ensino-schema-v1,2026-04-03 15:22:38.020976+00
269,6e1eab14-a696-4482-ad4b-a1881bca758c,5,3,Interferencia - palavras incongruentes,incongruent_color_word,AZUL,Verde,d,d,1,0,499,stroop-victoria-desktop-v1-baseline,rt-pipeline-v1,ensino-schema-v1,2026-04-03 15:22:38.020976+00
270,6e1eab14-a696-4482-ad4b-a1881bca758c,6,3,Interferencia - palavras incongruentes,incongruent_color_word,AMARELO,Vermelho,k,k,1,0,598,stroop-victoria-desktop-v1-baseline,rt-pipeline-v1,ensino-schema-v1,2026-04-03 15:22:38.020976+00
271,6e1eab14-a696-4482-ad4b-a1881bca758c,7,3,Interferencia - palavras incongruentes,incongruent_color_word,AMARELO,Verde,d,d,1,0,374,stroop-victoria-desktop-v1-baseline,rt-pipeline-v1,ensino-schema-v1,2026-04-03 15:22:38.020976+00
272,6e1eab14-a696-4482-ad4b-a1881bca758c,8,3,Interferencia - palavras incongruentes,incongruent_color_word,VERDE,Amarelo,l,l,1,0,673,stroop-victoria-desktop-v1-baseline,rt-pipeline-v1,ensino-schema-v1,2026-04-03 15:22:38.020976+00
273,6e1eab14-a696-4482-ad4b-a1881bca758c,9,3,Interferencia - palavras incongruentes,incongruent_color_word,VERMELHO,Amarelo,l,l,1,0,741,stroop-victoria-desktop-v1-baseline,rt-pipeline-v1,ensino-schema-v1,2026-04-03 15:22:38.020976+00
274,6e1eab14-a696-4482-ad4b-a1881bca758c,10,3,Interferencia - palavras incongruentes,incongruent_color_word,VERMELHO,Amarelo,l,l,1,0,540,stroop-victoria-desktop-v1-baseline,rt-pipeline-v1,ensino-schema-v1,2026-04-03 15:22:38.020976+00
275,6e1eab14-a696-4482-ad4b-a1881bca758c,11,3,Interferencia - palavras incongruentes,incongruent_color_word,AMARELO,Vermelho,k,k,1,0,622,stroop-victoria-desktop-v1-baseline,rt-pipeline-v1,ensino-schema-v1,2026-04-03 15:22:38.020976+00
276,6e1eab14-a696-4482-ad4b-a1881bca758c,12,3,Interferencia - palavras incongruentes,incongruent_color_word,AZUL,Amarelo,l,l,1,0,525,stroop-victoria-desktop-v1-baseline,rt-pipeline-v1,ensino-schema-v1,2026-04-03 15:22:38.020976+00
277,6e1eab14-a696-4482-ad4b-a1881bca758c,13,3,Interferencia - palavras incongruentes,incongruent_color_word,VERMELHO,Azul,s,s,1,0,458,stroop-victoria-desktop-v1-baseline,rt-pipeline-v1,ensino-schema-v1,2026-04-03 15:22:38.020976+00
278,6e1eab14-a696-4482-ad4b-a1881bca758c,14,3,Interferencia - palavras incongruentes,incongruent_color_word,VERMELHO,Azul,s,s,1,0,704,stroop-victoria-desktop-v1-baseline,rt-pipeline-v1,ensino-schema-v1,2026-04-03 15:22:38.020976+00
279,6e1eab14-a696-4482-ad4b-a1881bca758c,15,3,Interferencia - palavras incongruentes,incongruent_color_word,AZUL,Vermelho,k,k,1,0,669,stroop-victoria-desktop-v1-baseline,rt-pipeline-v1,ensino-schema-v1,2026-04-03 15:22:38.020976+00
280,6e1eab14-a696-4482-ad4b-a1881bca758c,16,3,Interferencia - palavras incongruentes,incongruent_color_word,AMARELO,Verde,d,d,1,0,534,stroop-victoria-desktop-v1-baseline,rt-pipeline-v1,ensino-schema-v1,2026-04-03 15:22:38.020976+00
281,6e1eab14-a696-4482-ad4b-a1881bca758c,17,3,Interferencia - palavras incongruentes,incongruent_color_word,VERDE,Azul,s,s,1,0,601,stroop-victoria-desktop-v1-baseline,rt-pipeline-v1,ensino-schema-v1,2026-04-03 15:22:38.020976+00
282,6e1eab14-a696-4482-ad4b-a1881bca758c,18,3,Interferencia - palavras incongruentes,incongruent_color_word,AMARELO,Azul,s,s,1,0,608,stroop-victoria-desktop-v1-baseline,rt-pipeline-v1,ensino-schema-v1,2026-04-03 15:22:38.020976+00
283,6e1eab14-a696-4482-ad4b-a1881bca758c,19,3,Interferencia - palavras incongruentes,incongruent_color_word,AMARELO,Azul,s,s,1,0,427,stroop-victoria-desktop-v1-baseline,rt-pipeline-v1,ensino-schema-v1,2026-04-03 15:22:38.020976+00
284,6e1eab14-a696-4482-ad4b-a1881bca758c,20,3,Interferencia - palavras incongruentes,incongruent_color_word,AZUL,Vermelho,k,k,1,0,590,stroop-victoria-desktop-v1-baseline,rt-pipeline-v1,ensino-schema-v1,2026-04-03 15:22:38.020976+00
285,6e1eab14-a696-4482-ad4b-a1881bca758c,21,3,Interferencia - palavras incongruentes,incongruent_color_word,VERMELHO,Verde,d,d,1,0,470,stroop-victoria-desktop-v1-baseline,rt-pipeline-v1,ensino-schema-v1,2026-04-03 15:22:38.020976+00
286,6e1eab14-a696-4482-ad4b-a1881bca758c,22,3,Interferencia - palavras incongruentes,incongruent_color_word,VERDE,Azul,s,s,1,0,529,stroop-victoria-desktop-v1-baseline,rt-pipeline-v1,ensino-schema-v1,2026-04-03 15:22:38.020976+00
287,6e1eab14-a696-4482-ad4b-a1881bca758c,23,3,Interferencia - palavras incongruentes,incongruent_color_word,VERDE,Vermelho,k,k,1,0,653,stroop-victoria-desktop-v1-baseline,rt-pipeline-v1,ensino-schema-v1,2026-04-03 15:22:38.020976+00
288,6e1eab14-a696-4482-ad4b-a1881bca758c,24,3,Interferencia - palavras incongruentes,incongruent_color_word,VERDE,Amarelo,l,l,1,0,540,stroop-victoria-desktop-v1-baseline,rt-pipeline-v1,ensino-schema-v1,2026-04-03 15:22:38.020976+00
289,5824fadf-18b3-4250-a17c-b1dcddae036f,1,1,Neutro - circulos coloridos,circle,circulo,Amarelo,l,s,0,0,1895,stroop-victoria-desktop-v1-baseline,rt-pipeline-v1,ensino-schema-v1,2026-04-03 18:24:21.264563+00
290,5824fadf-18b3-4250-a17c-b1dcddae036f,2,1,Neutro - circulos coloridos,circle,circulo,Azul,s,s,1,0,2175,stroop-victoria-desktop-v1-baseline,rt-pipeline-v1,ensino-schema-v1,2026-04-03 18:24:21.264563+00
291,5824fadf-18b3-4250-a17c-b1dcddae036f,3,1,Neutro - circulos coloridos,circle,circulo,Amarelo,l,l,1,0,2483,stroop-victoria-desktop-v1-baseline,rt-pipeline-v1,ensino-schema-v1,2026-04-03 18:24:21.264563+00
292,5824fadf-18b3-4250-a17c-b1dcddae036f,4,1,Neutro - circulos coloridos,circle,circulo,Azul,s,s,1,0,1079,stroop-victoria-desktop-v1-baseline,rt-pipeline-v1,ensino-schema-v1,2026-04-03 18:24:21.264563+00
293,5824fadf-18b3-4250-a17c-b1dcddae036f,5,1,Neutro - circulos coloridos,circle,circulo,Vermelho,k,k,1,0,1132,stroop-victoria-desktop-v1-baseline,rt-pipeline-v1,ensino-schema-v1,2026-04-03 18:24:21.264563+00
294,5824fadf-18b3-4250-a17c-b1dcddae036f,6,1,Neutro - circulos coloridos,circle,circulo,Verde,d,d,1,0,689,stroop-victoria-desktop-v1-baseline,rt-pipeline-v1,ensino-schema-v1,2026-04-03 18:24:21.264563+00
295,5824fadf-18b3-4250-a17c-b1dcddae036f,7,1,Neutro - circulos coloridos,circle,circulo,Vermelho,k,s,0,0,698,stroop-victoria-desktop-v1-baseline,rt-pipeline-v1,ensino-schema-v1,2026-04-03 18:24:21.264563+00
296,5824fadf-18b3-4250-a17c-b1dcddae036f,8,1,Neutro - circulos coloridos,circle,circulo,Verde,d,d,1,0,1222,stroop-victoria-desktop-v1-baseline,rt-pipeline-v1,ensino-schema-v1,2026-04-03 18:24:21.264563+00
297,5824fadf-18b3-4250-a17c-b1dcddae036f,9,1,Neutro - circulos coloridos,circle,circulo,Verde,d,d,1,0,730,stroop-victoria-desktop-v1-baseline,rt-pipeline-v1,ensino-schema-v1,2026-04-03 18:24:21.264563+00
298,5824fadf-18b3-4250-a17c-b1dcddae036f,10,1,Neutro - circulos coloridos,circle,circulo,Vermelho,k,k,1,0,1147,stroop-victoria-desktop-v1-baseline,rt-pipeline-v1,ensino-schema-v1,2026-04-03 18:24:21.264563+00
299,5824fadf-18b3-4250-a17c-b1dcddae036f,11,1,Neutro - circulos coloridos,circle,circulo,Azul,s,s,1,0,810,stroop-victoria-desktop-v1-baseline,rt-pipeline-v1,ensino-schema-v1,2026-04-03 18:24:21.264563+00
300,5824fadf-18b3-4250-a17c-b1dcddae036f,12,1,Neutro - circulos coloridos,circle,circulo,Azul,s,s,1,0,663,stroop-victoria-desktop-v1-baseline,rt-pipeline-v1,ensino-schema-v1,2026-04-03 18:24:21.264563+00
301,5824fadf-18b3-4250-a17c-b1dcddae036f,13,1,Neutro - circulos coloridos,circle,circulo,Vermelho,k,k,1,0,1288,stroop-victoria-desktop-v1-baseline,rt-pipeline-v1,ensino-schema-v1,2026-04-03 18:24:21.264563+00
302,5824fadf-18b3-4250-a17c-b1dcddae036f,14,1,Neutro - circulos coloridos,circle,circulo,Amarelo,l,l,1,0,961,stroop-victoria-desktop-v1-baseline,rt-pipeline-v1,ensino-schema-v1,2026-04-03 18:24:21.264563+00
303,5824fadf-18b3-4250-a17c-b1dcddae036f,15,1,Neutro - circulos coloridos,circle,circulo,Amarelo,l,l,1,0,1098,stroop-victoria-desktop-v1-baseline,rt-pipeline-v1,ensino-schema-v1,2026-04-03 18:24:21.264563+00
304,5824fadf-18b3-4250-a17c-b1dcddae036f,16,1,Neutro - circulos coloridos,circle,circulo,Azul,s,s,1,0,775,stroop-victoria-desktop-v1-baseline,rt-pipeline-v1,ensino-schema-v1,2026-04-03 18:24:21.264563+00
305,5824fadf-18b3-4250-a17c-b1dcddae036f,17,1,Neutro - circulos coloridos,circle,circulo,Verde,d,d,1,0,488,stroop-victoria-desktop-v1-baseline,rt-pipeline-v1,ensino-schema-v1,2026-04-03 18:24:21.264563+00
306,5824fadf-18b3-4250-a17c-b1dcddae036f,18,1,Neutro - circulos coloridos,circle,circulo,Verde,d,d,1,0,871,stroop-victoria-desktop-v1-baseline,rt-pipeline-v1,ensino-schema-v1,2026-04-03 18:24:21.264563+00
307,5824fadf-18b3-4250-a17c-b1dcddae036f,19,1,Neutro - circulos coloridos,circle,circulo,Azul,s,s,1,0,815,stroop-victoria-desktop-v1-baseline,rt-pipeline-v1,ensino-schema-v1,2026-04-03 18:24:21.264563+00
308,5824fadf-18b3-4250-a17c-b1dcddae036f,20,1,Neutro - circulos coloridos,circle,circulo,Vermelho,k,k,1,0,580,stroop-victoria-desktop-v1-baseline,rt-pipeline-v1,ensino-schema-v1,2026-04-03 18:24:21.264563+00
309,5824fadf-18b3-4250-a17c-b1dcddae036f,21,1,Neutro - circulos coloridos,circle,circulo,Amarelo,l,l,1,0,665,stroop-victoria-desktop-v1-baseline,rt-pipeline-v1,ensino-schema-v1,2026-04-03 18:24:21.264563+00
310,5824fadf-18b3-4250-a17c-b1dcddae036f,22,1,Neutro - circulos coloridos,circle,circulo,Verde,d,d,1,0,1369,stroop-victoria-desktop-v1-baseline,rt-pipeline-v1,ensino-schema-v1,2026-04-03 18:24:21.264563+00
311,5824fadf-18b3-4250-a17c-b1dcddae036f,23,1,Neutro - circulos coloridos,circle,circulo,Amarelo,l,l,1,0,1288,stroop-victoria-desktop-v1-baseline,rt-pipeline-v1,ensino-schema-v1,2026-04-03 18:24:21.264563+00
312,5824fadf-18b3-4250-a17c-b1dcddae036f,24,1,Neutro - circulos coloridos,circle,circulo,Vermelho,k,k,1,0,656,stroop-victoria-desktop-v1-baseline,rt-pipeline-v1,ensino-schema-v1,2026-04-03 18:24:21.264563+00
313,5824fadf-18b3-4250-a17c-b1dcddae036f,1,2,Controle - palavras neutras,neutral_word,LIVRO,Amarelo,l,,0,1,,stroop-victoria-desktop-v1-baseline,rt-pipeline-v1,ensino-schema-v1,2026-04-03 18:24:21.264563+00
314,5824fadf-18b3-4250-a17c-b1dcddae036f,2,2,Controle - palavras neutras,neutral_word,TRILHO,Amarelo,l,l,1,0,1933,stroop-victoria-desktop-v1-baseline,rt-pipeline-v1,ensino-schema-v1,2026-04-03 18:24:21.264563+00
315,5824fadf-18b3-4250-a17c-b1dcddae036f,3,2,Controle - palavras neutras,neutral_word,CASA,Vermelho,k,k,1,0,1080,stroop-victoria-desktop-v1-baseline,rt-pipeline-v1,ensino-schema-v1,2026-04-03 18:24:21.264563+00
316,5824fadf-18b3-4250-a17c-b1dcddae036f,4,2,Controle - palavras neutras,neutral_word,LIVRO,Azul,s,s,1,0,826,stroop-victoria-desktop-v1-baseline,rt-pipeline-v1,ensino-schema-v1,2026-04-03 18:24:21.264563+00
317,5824fadf-18b3-4250-a17c-b1dcddae036f,5,2,Controle - palavras neutras,neutral_word,MESA,Verde,d,d,1,0,627,stroop-victoria-desktop-v1-baseline,rt-pipeline-v1,ensino-schema-v1,2026-04-03 18:24:21.264563+00
318,5824fadf-18b3-4250-a17c-b1dcddae036f,6,2,Controle - palavras neutras,neutral_word,TRILHO,Verde,d,d,1,0,880,stroop-victoria-desktop-v1-baseline,rt-pipeline-v1,ensino-schema-v1,2026-04-03 18:24:21.264563+00
319,5824fadf-18b3-4250-a17c-b1dcddae036f,7,2,Controle - palavras neutras,neutral_word,TRILHO,Azul,s,s,1,0,832,stroop-victoria-desktop-v1-baseline,rt-pipeline-v1,ensino-schema-v1,2026-04-03 18:24:21.264563+00
320,5824fadf-18b3-4250-a17c-b1dcddae036f,8,2,Controle - palavras neutras,neutral_word,MESA,Amarelo,l,l,1,0,1337,stroop-victoria-desktop-v1-baseline,rt-pipeline-v1,ensino-schema-v1,2026-04-03 18:24:21.264563+00
321,5824fadf-18b3-4250-a17c-b1dcddae036f,9,2,Controle - palavras neutras,neutral_word,LIVRO,Verde,d,d,1,0,826,stroop-victoria-desktop-v1-baseline,rt-pipeline-v1,ensino-schema-v1,2026-04-03 18:24:21.264563+00
322,5824fadf-18b3-4250-a17c-b1dcddae036f,10,2,Controle - palavras neutras,neutral_word,MESA,Vermelho,k,k,1,0,1018,stroop-victoria-desktop-v1-baseline,rt-pipeline-v1,ensino-schema-v1,2026-04-03 18:24:21.264563+00
323,5824fadf-18b3-4250-a17c-b1dcddae036f,11,2,Controle - palavras neutras,neutral_word,CASA,Azul,s,s,1,0,695,stroop-victoria-desktop-v1-baseline,rt-pipeline-v1,ensino-schema-v1,2026-04-03 18:24:21.264563+00
324,5824fadf-18b3-4250-a17c-b1dcddae036f,12,2,Controle - palavras neutras,neutral_word,NUVEM,Vermelho,k,l,0,0,658,stroop-victoria-desktop-v1-baseline,rt-pipeline-v1,ensino-schema-v1,2026-04-03 18:24:21.264563+00
325,5824fadf-18b3-4250-a17c-b1dcddae036f,13,2,Controle - palavras neutras,neutral_word,MESA,Azul,s,s,1,0,904,stroop-victoria-desktop-v1-baseline,rt-pipeline-v1,ensino-schema-v1,2026-04-03 18:24:21.264563+00
326,5824fadf-18b3-4250-a17c-b1dcddae036f,14,2,Controle - palavras neutras,neutral_word,NUVEM,Azul,s,s,1,0,711,stroop-victoria-desktop-v1-baseline,rt-pipeline-v1,ensino-schema-v1,2026-04-03 18:24:21.264563+00
327,5824fadf-18b3-4250-a17c-b1dcddae036f,15,2,Controle - palavras neutras,neutral_word,JANELA,Amarelo,l,l,1,0,821,stroop-victoria-desktop-v1-baseline,rt-pipeline-v1,ensino-schema-v1,2026-04-03 18:24:21.264563+00
328,5824fadf-18b3-4250-a17c-b1dcddae036f,16,2,Controle - palavras neutras,neutral_word,CASA,Verde,d,d,1,0,1122,stroop-victoria-desktop-v1-baseline,rt-pipeline-v1,ensino-schema-v1,2026-04-03 18:24:21.264563+00
329,5824fadf-18b3-4250-a17c-b1dcddae036f,17,2,Controle - palavras neutras,neutral_word,CASA,Amarelo,l,l,1,0,1242,stroop-victoria-desktop-v1-baseline,rt-pipeline-v1,ensino-schema-v1,2026-04-03 18:24:21.264563+00
330,5824fadf-18b3-4250-a17c-b1dcddae036f,18,2,Controle - palavras neutras,neutral_word,JANELA,Verde,d,d,1,0,1473,stroop-victoria-desktop-v1-baseline,rt-pipeline-v1,ensino-schema-v1,2026-04-03 18:24:21.264563+00
331,5824fadf-18b3-4250-a17c-b1dcddae036f,19,2,Controle - palavras neutras,neutral_word,JANELA,Vermelho,k,l,0,0,850,stroop-victoria-desktop-v1-baseline,rt-pipeline-v1,ensino-schema-v1,2026-04-03 18:24:21.264563+00
332,5824fadf-18b3-4250-a17c-b1dcddae036f,20,2,Controle - palavras neutras,neutral_word,LIVRO,Vermelho,k,k,1,0,1618,stroop-victoria-desktop-v1-baseline,rt-pipeline-v1,ensino-schema-v1,2026-04-03 18:24:21.264563+00
333,5824fadf-18b3-4250-a17c-b1dcddae036f,21,2,Controle - palavras neutras,neutral_word,JANELA,Azul,s,s,1,0,820,stroop-victoria-desktop-v1-baseline,rt-pipeline-v1,ensino-schema-v1,2026-04-03 18:24:21.264563+00
334,5824fadf-18b3-4250-a17c-b1dcddae036f,22,2,Controle - palavras neutras,neutral_word,NUVEM,Verde,d,d,1,0,855,stroop-victoria-desktop-v1-baseline,rt-pipeline-v1,ensino-schema-v1,2026-04-03 18:24:21.264563+00
335,5824fadf-18b3-4250-a17c-b1dcddae036f,23,2,Controle - palavras neutras,neutral_word,TRILHO,Vermelho,k,l,0,0,1742,stroop-victoria-desktop-v1-baseline,rt-pipeline-v1,ensino-schema-v1,2026-04-03 18:24:21.264563+00
336,5824fadf-18b3-4250-a17c-b1dcddae036f,24,2,Controle - palavras neutras,neutral_word,NUVEM,Amarelo,l,l,1,0,1951,stroop-victoria-desktop-v1-baseline,rt-pipeline-v1,ensino-schema-v1,2026-04-03 18:24:21.264563+00
337,5824fadf-18b3-4250-a17c-b1dcddae036f,1,3,Interferencia - palavras incongruentes,incongruent_color_word,AZUL,Amarelo,l,,0,1,,stroop-victoria-desktop-v1-baseline,rt-pipeline-v1,ensino-schema-v1,2026-04-03 18:24:21.264563+00
338,5824fadf-18b3-4250-a17c-b1dcddae036f,2,3,Interferencia - palavras incongruentes,incongruent_color_word,VERDE,Vermelho,k,d,0,0,1168,stroop-victoria-desktop-v1-baseline,rt-pipeline-v1,ensino-schema-v1,2026-04-03 18:24:21.264563+00
339,5824fadf-18b3-4250-a17c-b1dcddae036f,3,3,Interferencia - palavras incongruentes,incongruent_color_word,AMARELO,Vermelho,k,l,0,0,1439,stroop-victoria-desktop-v1-baseline,rt-pipeline-v1,ensino-schema-v1,2026-04-03 18:24:21.264563+00
340,5824fadf-18b3-4250-a17c-b1dcddae036f,4,3,Interferencia - palavras incongruentes,incongruent_color_word,VERMELHO,Amarelo,l,,0,1,,stroop-victoria-desktop-v1-baseline,rt-pipeline-v1,ensino-schema-v1,2026-04-03 18:24:21.264563+00
341,5824fadf-18b3-4250-a17c-b1dcddae036f,5,3,Interferencia - palavras incongruentes,incongruent_color_word,VERDE,Amarelo,l,l,1,0,1189,stroop-victoria-desktop-v1-baseline,rt-pipeline-v1,ensino-schema-v1,2026-04-03 18:24:21.264563+00
342,5824fadf-18b3-4250-a17c-b1dcddae036f,6,3,Interferencia - palavras incongruentes,incongruent_color_word,VERDE,Azul,s,s,1,0,1526,stroop-victoria-desktop-v1-baseline,rt-pipeline-v1,ensino-schema-v1,2026-04-03 18:24:21.264563+00
343,5824fadf-18b3-4250-a17c-b1dcddae036f,7,3,Interferencia - palavras incongruentes,incongruent_color_word,AZUL,Amarelo,l,l,1,0,1239,stroop-victoria-desktop-v1-baseline,rt-pipeline-v1,ensino-schema-v1,2026-04-03 18:24:21.264563+00
344,5824fadf-18b3-4250-a17c-b1dcddae036f,8,3,Interferencia - palavras incongruentes,incongruent_color_word,VERMELHO,Verde,d,d,1,0,989,stroop-victoria-desktop-v1-baseline,rt-pipeline-v1,ensino-schema-v1,2026-04-03 18:24:21.264563+00
345,5824fadf-18b3-4250-a17c-b1dcddae036f,9,3,Interferencia - palavras incongruentes,incongruent_color_word,VERMELHO,Azul,s,s,1,0,1264,stroop-victoria-desktop-v1-baseline,rt-pipeline-v1,ensino-schema-v1,2026-04-03 18:24:21.264563+00
346,5824fadf-18b3-4250-a17c-b1dcddae036f,10,3,Interferencia - palavras incongruentes,incongruent_color_word,AMARELO,Azul,s,s,1,0,872,stroop-victoria-desktop-v1-baseline,rt-pipeline-v1,ensino-schema-v1,2026-04-03 18:24:21.264563+00
347,5824fadf-18b3-4250-a17c-b1dcddae036f,11,3,Interferencia - palavras incongruentes,incongruent_color_word,AZUL,Vermelho,k,l,0,0,2558,stroop-victoria-desktop-v1-baseline,rt-pipeline-v1,ensino-schema-v1,2026-04-03 18:24:21.264563+00
348,5824fadf-18b3-4250-a17c-b1dcddae036f,12,3,Interferencia - palavras incongruentes,incongruent_color_word,AZUL,Verde,d,d,1,0,1470,stroop-victoria-desktop-v1-baseline,rt-pipeline-v1,ensino-schema-v1,2026-04-03 18:24:21.264563+00
349,5824fadf-18b3-4250-a17c-b1dcddae036f,13,3,Interferencia - palavras incongruentes,incongruent_color_word,AMARELO,Vermelho,k,l,0,0,1272,stroop-victoria-desktop-v1-baseline,rt-pipeline-v1,ensino-schema-v1,2026-04-03 18:24:21.264563+00
350,5824fadf-18b3-4250-a17c-b1dcddae036f,14,3,Interferencia - palavras incongruentes,incongruent_color_word,VERDE,Vermelho,k,d,0,0,2277,stroop-victoria-desktop-v1-baseline,rt-pipeline-v1,ensino-schema-v1,2026-04-03 18:24:21.264563+00
351,5824fadf-18b3-4250-a17c-b1dcddae036f,15,3,Interferencia - palavras incongruentes,incongruent_color_word,VERDE,Amarelo,l,l,1,0,2789,stroop-victoria-desktop-v1-baseline,rt-pipeline-v1,ensino-schema-v1,2026-04-03 18:24:21.264563+00
352,5824fadf-18b3-4250-a17c-b1dcddae036f,16,3,Interferencia - palavras incongruentes,incongruent_color_word,AZUL,Verde,d,d,1,0,2015,stroop-victoria-desktop-v1-baseline,rt-pipeline-v1,ensino-schema-v1,2026-04-03 18:24:21.264563+00
353,5824fadf-18b3-4250-a17c-b1dcddae036f,17,3,Interferencia - palavras incongruentes,incongruent_color_word,VERMELHO,Verde,d,d,1,0,1035,stroop-victoria-desktop-v1-baseline,rt-pipeline-v1,ensino-schema-v1,2026-04-03 18:24:21.264563+00
354,5824fadf-18b3-4250-a17c-b1dcddae036f,18,3,Interferencia - palavras incongruentes,incongruent_color_word,VERDE,Azul,s,s,1,0,797,stroop-victoria-desktop-v1-baseline,rt-pipeline-v1,ensino-schema-v1,2026-04-03 18:24:21.264563+00
355,5824fadf-18b3-4250-a17c-b1dcddae036f,19,3,Interferencia - palavras incongruentes,incongruent_color_word,VERMELHO,Azul,s,s,1,0,703,stroop-victoria-desktop-v1-baseline,rt-pipeline-v1,ensino-schema-v1,2026-04-03 18:24:21.264563+00
356,5824fadf-18b3-4250-a17c-b1dcddae036f,20,3,Interferencia - palavras incongruentes,incongruent_color_word,AMARELO,Verde,d,d,1,0,2617,stroop-victoria-desktop-v1-baseline,rt-pipeline-v1,ensino-schema-v1,2026-04-03 18:24:21.264563+00
357,5824fadf-18b3-4250-a17c-b1dcddae036f,21,3,Interferencia - palavras incongruentes,incongruent_color_word,AZUL,Vermelho,k,k,1,0,1553,stroop-victoria-desktop-v1-baseline,rt-pipeline-v1,ensino-schema-v1,2026-04-03 18:24:21.264563+00
358,5824fadf-18b3-4250-a17c-b1dcddae036f,22,3,Interferencia - palavras incongruentes,incongruent_color_word,AMARELO,Verde,d,d,1,0,1354,stroop-victoria-desktop-v1-baseline,rt-pipeline-v1,ensino-schema-v1,2026-04-03 18:24:21.264563+00
359,5824fadf-18b3-4250-a17c-b1dcddae036f,23,3,Interferencia - palavras incongruentes,incongruent_color_word,AMARELO,Azul,s,s,1,0,1193,stroop-victoria-desktop-v1-baseline,rt-pipeline-v1,ensino-schema-v1,2026-04-03 18:24:21.264563+00
360,5824fadf-18b3-4250-a17c-b1dcddae036f,24,3,Interferencia - palavras incongruentes,incongruent_color_word,VERMELHO,Amarelo,l,l,1,0,1440,stroop-victoria-desktop-v1-baseline,rt-pipeline-v1,ensino-schema-v1,2026-04-03 18:24:21.264563+00
361,914d17c8-c61c-4b95-8911-8dff88373159,1,1,Neutro - circulos coloridos,circle,circulo,Vermelho,k,,0,1,,stroop-victoria-desktop-v1-baseline,rt-pipeline-v1,ensino-schema-v1,2026-04-03 18:31:09.375773+00
362,914d17c8-c61c-4b95-8911-8dff88373159,2,1,Neutro - circulos coloridos,circle,circulo,Azul,s,s,1,0,2045,stroop-victoria-desktop-v1-baseline,rt-pipeline-v1,ensino-schema-v1,2026-04-03 18:31:09.375773+00
363,914d17c8-c61c-4b95-8911-8dff88373159,3,1,Neutro - circulos coloridos,circle,circulo,Vermelho,k,,0,1,,stroop-victoria-desktop-v1-baseline,rt-pipeline-v1,ensino-schema-v1,2026-04-03 18:31:09.375773+00
364,914d17c8-c61c-4b95-8911-8dff88373159,4,1,Neutro - circulos coloridos,circle,circulo,Azul,s,s,1,0,1979,stroop-victoria-desktop-v1-baseline,rt-pipeline-v1,ensino-schema-v1,2026-04-03 18:31:09.375773+00
365,914d17c8-c61c-4b95-8911-8dff88373159,5,1,Neutro - circulos coloridos,circle,circulo,Amarelo,l,,0,1,,stroop-victoria-desktop-v1-baseline,rt-pipeline-v1,ensino-schema-v1,2026-04-03 18:31:09.375773+00
366,914d17c8-c61c-4b95-8911-8dff88373159,6,1,Neutro - circulos coloridos,circle,circulo,Verde,d,d,1,0,1784,stroop-victoria-desktop-v1-baseline,rt-pipeline-v1,ensino-schema-v1,2026-04-03 18:31:09.375773+00
367,914d17c8-c61c-4b95-8911-8dff88373159,7,1,Neutro - circulos coloridos,circle,circulo,Vermelho,k,,0,1,,stroop-victoria-desktop-v1-baseline,rt-pipeline-v1,ensino-schema-v1,2026-04-03 18:31:09.375773+00
368,914d17c8-c61c-4b95-8911-8dff88373159,8,1,Neutro - circulos coloridos,circle,circulo,Azul,s,s,1,0,2312,stroop-victoria-desktop-v1-baseline,rt-pipeline-v1,ensino-schema-v1,2026-04-03 18:31:09.375773+00
369,914d17c8-c61c-4b95-8911-8dff88373159,9,1,Neutro - circulos coloridos,circle,circulo,Vermelho,k,k,1,0,2257,stroop-victoria-desktop-v1-baseline,rt-pipeline-v1,ensino-schema-v1,2026-04-03 18:31:09.375773+00
370,914d17c8-c61c-4b95-8911-8dff88373159,10,1,Neutro - circulos coloridos,circle,circulo,Amarelo,l,l,1,0,2412,stroop-victoria-desktop-v1-baseline,rt-pipeline-v1,ensino-schema-v1,2026-04-03 18:31:09.375773+00
371,914d17c8-c61c-4b95-8911-8dff88373159,11,1,Neutro - circulos coloridos,circle,circulo,Verde,d,d,1,0,2899,stroop-victoria-desktop-v1-baseline,rt-pipeline-v1,ensino-schema-v1,2026-04-03 18:31:09.375773+00
372,914d17c8-c61c-4b95-8911-8dff88373159,12,1,Neutro - circulos coloridos,circle,circulo,Amarelo,l,l,1,0,1965,stroop-victoria-desktop-v1-baseline,rt-pipeline-v1,ensino-schema-v1,2026-04-03 18:31:09.375773+00
373,914d17c8-c61c-4b95-8911-8dff88373159,13,1,Neutro - circulos coloridos,circle,circulo,Verde,d,d,1,0,1740,stroop-victoria-desktop-v1-baseline,rt-pipeline-v1,ensino-schema-v1,2026-04-03 18:31:09.375773+00
374,914d17c8-c61c-4b95-8911-8dff88373159,14,1,Neutro - circulos coloridos,circle,circulo,Azul,s,s,1,0,1601,stroop-victoria-desktop-v1-baseline,rt-pipeline-v1,ensino-schema-v1,2026-04-03 18:31:09.375773+00
375,914d17c8-c61c-4b95-8911-8dff88373159,15,1,Neutro - circulos coloridos,circle,circulo,Verde,d,d,1,0,1363,stroop-victoria-desktop-v1-baseline,rt-pipeline-v1,ensino-schema-v1,2026-04-03 18:31:09.375773+00
376,914d17c8-c61c-4b95-8911-8dff88373159,16,1,Neutro - circulos coloridos,circle,circulo,Amarelo,l,l,1,0,1664,stroop-victoria-desktop-v1-baseline,rt-pipeline-v1,ensino-schema-v1,2026-04-03 18:31:09.375773+00
377,914d17c8-c61c-4b95-8911-8dff88373159,17,1,Neutro - circulos coloridos,circle,circulo,Verde,d,d,1,0,1361,stroop-victoria-desktop-v1-baseline,rt-pipeline-v1,ensino-schema-v1,2026-04-03 18:31:09.375773+00
378,914d17c8-c61c-4b95-8911-8dff88373159,18,1,Neutro - circulos coloridos,circle,circulo,Vermelho,k,k,1,0,1698,stroop-victoria-desktop-v1-baseline,rt-pipeline-v1,ensino-schema-v1,2026-04-03 18:31:09.375773+00
379,914d17c8-c61c-4b95-8911-8dff88373159,19,1,Neutro - circulos coloridos,circle,circulo,Azul,s,s,1,0,1529,stroop-victoria-desktop-v1-baseline,rt-pipeline-v1,ensino-schema-v1,2026-04-03 18:31:09.375773+00
380,914d17c8-c61c-4b95-8911-8dff88373159,20,1,Neutro - circulos coloridos,circle,circulo,Azul,s,s,1,0,1511,stroop-victoria-desktop-v1-baseline,rt-pipeline-v1,ensino-schema-v1,2026-04-03 18:31:09.375773+00
381,914d17c8-c61c-4b95-8911-8dff88373159,21,1,Neutro - circulos coloridos,circle,circulo,Vermelho,k,k,1,0,1864,stroop-victoria-desktop-v1-baseline,rt-pipeline-v1,ensino-schema-v1,2026-04-03 18:31:09.375773+00
382,914d17c8-c61c-4b95-8911-8dff88373159,22,1,Neutro - circulos coloridos,circle,circulo,Verde,d,d,1,0,1353,stroop-victoria-desktop-v1-baseline,rt-pipeline-v1,ensino-schema-v1,2026-04-03 18:31:09.375773+00
383,914d17c8-c61c-4b95-8911-8dff88373159,23,1,Neutro - circulos coloridos,circle,circulo,Amarelo,l,l,1,0,1455,stroop-victoria-desktop-v1-baseline,rt-pipeline-v1,ensino-schema-v1,2026-04-03 18:31:09.375773+00
384,914d17c8-c61c-4b95-8911-8dff88373159,24,1,Neutro - circulos coloridos,circle,circulo,Amarelo,l,l,1,0,1647,stroop-victoria-desktop-v1-baseline,rt-pipeline-v1,ensino-schema-v1,2026-04-03 18:31:09.375773+00
385,914d17c8-c61c-4b95-8911-8dff88373159,1,2,Controle - palavras neutras,neutral_word,JANELA,Amarelo,l,,0,1,,stroop-victoria-desktop-v1-baseline,rt-pipeline-v1,ensino-schema-v1,2026-04-03 18:31:09.375773+00
386,914d17c8-c61c-4b95-8911-8dff88373159,2,2,Controle - palavras neutras,neutral_word,JANELA,Azul,s,l,0,0,393,stroop-victoria-desktop-v1-baseline,rt-pipeline-v1,ensino-schema-v1,2026-04-03 18:31:09.375773+00
387,914d17c8-c61c-4b95-8911-8dff88373159,3,2,Controle - palavras neutras,neutral_word,NUVEM,Verde,d,d,1,0,1961,stroop-victoria-desktop-v1-baseline,rt-pipeline-v1,ensino-schema-v1,2026-04-03 18:31:09.375773+00
388,914d17c8-c61c-4b95-8911-8dff88373159,4,2,Controle - palavras neutras,neutral_word,LIVRO,Verde,d,d,1,0,1707,stroop-victoria-desktop-v1-baseline,rt-pipeline-v1,ensino-schema-v1,2026-04-03 18:31:09.375773+00
389,914d17c8-c61c-4b95-8911-8dff88373159,5,2,Controle - palavras neutras,neutral_word,LIVRO,Azul,s,s,1,0,1566,stroop-victoria-desktop-v1-baseline,rt-pipeline-v1,ensino-schema-v1,2026-04-03 18:31:09.375773+00
390,914d17c8-c61c-4b95-8911-8dff88373159,6,2,Controle - palavras neutras,neutral_word,TRILHO,Amarelo,l,l,1,0,1655,stroop-victoria-desktop-v1-baseline,rt-pipeline-v1,ensino-schema-v1,2026-04-03 18:31:09.375773+00
391,914d17c8-c61c-4b95-8911-8dff88373159,7,2,Controle - palavras neutras,neutral_word,CASA,Amarelo,l,l,1,0,1289,stroop-victoria-desktop-v1-baseline,rt-pipeline-v1,ensino-schema-v1,2026-04-03 18:31:09.375773+00
392,914d17c8-c61c-4b95-8911-8dff88373159,8,2,Controle - palavras neutras,neutral_word,NUVEM,Azul,s,s,1,0,1504,stroop-victoria-desktop-v1-baseline,rt-pipeline-v1,ensino-schema-v1,2026-04-03 18:31:09.375773+00
393,914d17c8-c61c-4b95-8911-8dff88373159,9,2,Controle - palavras neutras,neutral_word,NUVEM,Vermelho,k,k,1,0,1755,stroop-victoria-desktop-v1-baseline,rt-pipeline-v1,ensino-schema-v1,2026-04-03 18:31:09.375773+00
394,914d17c8-c61c-4b95-8911-8dff88373159,10,2,Controle - palavras neutras,neutral_word,MESA,Verde,d,d,1,0,1478,stroop-victoria-desktop-v1-baseline,rt-pipeline-v1,ensino-schema-v1,2026-04-03 18:31:09.375773+00
395,914d17c8-c61c-4b95-8911-8dff88373159,11,2,Controle - palavras neutras,neutral_word,MESA,Azul,s,s,1,0,1431,stroop-victoria-desktop-v1-baseline,rt-pipeline-v1,ensino-schema-v1,2026-04-03 18:31:09.375773+00
396,914d17c8-c61c-4b95-8911-8dff88373159,12,2,Controle - palavras neutras,neutral_word,TRILHO,Verde,d,d,1,0,1320,stroop-victoria-desktop-v1-baseline,rt-pipeline-v1,ensino-schema-v1,2026-04-03 18:31:09.375773+00
397,914d17c8-c61c-4b95-8911-8dff88373159,13,2,Controle - palavras neutras,neutral_word,TRILHO,Vermelho,k,k,1,0,1613,stroop-victoria-desktop-v1-baseline,rt-pipeline-v1,ensino-schema-v1,2026-04-03 18:31:09.375773+00
398,914d17c8-c61c-4b95-8911-8dff88373159,14,2,Controle - palavras neutras,neutral_word,NUVEM,Amarelo,l,l,1,0,1568,stroop-victoria-desktop-v1-baseline,rt-pipeline-v1,ensino-schema-v1,2026-04-03 18:31:09.375773+00
399,914d17c8-c61c-4b95-8911-8dff88373159,15,2,Controle - palavras neutras,neutral_word,LIVRO,Vermelho,k,k,1,0,1393,stroop-victoria-desktop-v1-baseline,rt-pipeline-v1,ensino-schema-v1,2026-04-03 18:31:09.375773+00
400,914d17c8-c61c-4b95-8911-8dff88373159,16,2,Controle - palavras neutras,neutral_word,CASA,Azul,s,s,1,0,1226,stroop-victoria-desktop-v1-baseline,rt-pipeline-v1,ensino-schema-v1,2026-04-03 18:31:09.375773+00
401,914d17c8-c61c-4b95-8911-8dff88373159,17,2,Controle - palavras neutras,neutral_word,LIVRO,Amarelo,l,l,1,0,1443,stroop-victoria-desktop-v1-baseline,rt-pipeline-v1,ensino-schema-v1,2026-04-03 18:31:09.375773+00
402,914d17c8-c61c-4b95-8911-8dff88373159,18,2,Controle - palavras neutras,neutral_word,CASA,Vermelho,k,k,1,0,1632,stroop-victoria-desktop-v1-baseline,rt-pipeline-v1,ensino-schema-v1,2026-04-03 18:31:09.375773+00
403,914d17c8-c61c-4b95-8911-8dff88373159,19,2,Controle - palavras neutras,neutral_word,MESA,Amarelo,l,l,1,0,1424,stroop-victoria-desktop-v1-baseline,rt-pipeline-v1,ensino-schema-v1,2026-04-03 18:31:09.375773+00
404,914d17c8-c61c-4b95-8911-8dff88373159,20,2,Controle - palavras neutras,neutral_word,JANELA,Vermelho,k,k,1,0,2322,stroop-victoria-desktop-v1-baseline,rt-pipeline-v1,ensino-schema-v1,2026-04-03 18:31:09.375773+00
405,914d17c8-c61c-4b95-8911-8dff88373159,21,2,Controle - palavras neutras,neutral_word,CASA,Verde,d,d,1,0,1452,stroop-victoria-desktop-v1-baseline,rt-pipeline-v1,ensino-schema-v1,2026-04-03 18:31:09.375773+00
406,914d17c8-c61c-4b95-8911-8dff88373159,22,2,Controle - palavras neutras,neutral_word,JANELA,Verde,d,d,1,0,1674,stroop-victoria-desktop-v1-baseline,rt-pipeline-v1,ensino-schema-v1,2026-04-03 18:31:09.375773+00
407,914d17c8-c61c-4b95-8911-8dff88373159,23,2,Controle - palavras neutras,neutral_word,MESA,Vermelho,k,k,1,0,1573,stroop-victoria-desktop-v1-baseline,rt-pipeline-v1,ensino-schema-v1,2026-04-03 18:31:09.375773+00
408,914d17c8-c61c-4b95-8911-8dff88373159,24,2,Controle - palavras neutras,neutral_word,TRILHO,Azul,s,s,1,0,1509,stroop-victoria-desktop-v1-baseline,rt-pipeline-v1,ensino-schema-v1,2026-04-03 18:31:09.375773+00
409,914d17c8-c61c-4b95-8911-8dff88373159,1,3,Interferencia - palavras incongruentes,incongruent_color_word,AMARELO,Azul,s,s,1,0,2257,stroop-victoria-desktop-v1-baseline,rt-pipeline-v1,ensino-schema-v1,2026-04-03 18:31:09.375773+00
410,914d17c8-c61c-4b95-8911-8dff88373159,2,3,Interferencia - palavras incongruentes,incongruent_color_word,AZUL,Amarelo,l,,0,1,,stroop-victoria-desktop-v1-baseline,rt-pipeline-v1,ensino-schema-v1,2026-04-03 18:31:09.375773+00
411,914d17c8-c61c-4b95-8911-8dff88373159,3,3,Interferencia - palavras incongruentes,incongruent_color_word,VERMELHO,Azul,s,s,1,0,1524,stroop-victoria-desktop-v1-baseline,rt-pipeline-v1,ensino-schema-v1,2026-04-03 18:31:09.375773+00
412,914d17c8-c61c-4b95-8911-8dff88373159,4,3,Interferencia - palavras incongruentes,incongruent_color_word,VERMELHO,Amarelo,l,l,1,0,1935,stroop-victoria-desktop-v1-baseline,rt-pipeline-v1,ensino-schema-v1,2026-04-03 18:31:09.375773+00
413,914d17c8-c61c-4b95-8911-8dff88373159,5,3,Interferencia - palavras incongruentes,incongruent_color_word,VERMELHO,Verde,d,d,1,0,1682,stroop-victoria-desktop-v1-baseline,rt-pipeline-v1,ensino-schema-v1,2026-04-03 18:31:09.375773+00
414,914d17c8-c61c-4b95-8911-8dff88373159,6,3,Interferencia - palavras incongruentes,incongruent_color_word,VERDE,Amarelo,l,l,1,0,1640,stroop-victoria-desktop-v1-baseline,rt-pipeline-v1,ensino-schema-v1,2026-04-03 18:31:09.375773+00
415,914d17c8-c61c-4b95-8911-8dff88373159,7,3,Interferencia - palavras incongruentes,incongruent_color_word,AZUL,Verde,d,d,1,0,1348,stroop-victoria-desktop-v1-baseline,rt-pipeline-v1,ensino-schema-v1,2026-04-03 18:31:09.375773+00
416,914d17c8-c61c-4b95-8911-8dff88373159,8,3,Interferencia - palavras incongruentes,incongruent_color_word,AMARELO,Vermelho,k,k,1,0,1506,stroop-victoria-desktop-v1-baseline,rt-pipeline-v1,ensino-schema-v1,2026-04-03 18:31:09.375773+00
417,914d17c8-c61c-4b95-8911-8dff88373159,9,3,Interferencia - palavras incongruentes,incongruent_color_word,AZUL,Verde,d,d,1,0,1663,stroop-victoria-desktop-v1-baseline,rt-pipeline-v1,ensino-schema-v1,2026-04-03 18:31:09.375773+00
418,914d17c8-c61c-4b95-8911-8dff88373159,10,3,Interferencia - palavras incongruentes,incongruent_color_word,VERDE,Vermelho,k,k,1,0,1674,stroop-victoria-desktop-v1-baseline,rt-pipeline-v1,ensino-schema-v1,2026-04-03 18:31:09.375773+00
419,914d17c8-c61c-4b95-8911-8dff88373159,11,3,Interferencia - palavras incongruentes,incongruent_color_word,AZUL,Vermelho,k,k,1,0,2187,stroop-victoria-desktop-v1-baseline,rt-pipeline-v1,ensino-schema-v1,2026-04-03 18:31:09.375773+00
420,914d17c8-c61c-4b95-8911-8dff88373159,12,3,Interferencia - palavras incongruentes,incongruent_color_word,AMARELO,Vermelho,k,k,1,0,1396,stroop-victoria-desktop-v1-baseline,rt-pipeline-v1,ensino-schema-v1,2026-04-03 18:31:09.375773+00
421,914d17c8-c61c-4b95-8911-8dff88373159,13,3,Interferencia - palavras incongruentes,incongruent_color_word,AZUL,Vermelho,k,k,1,0,1371,stroop-victoria-desktop-v1-baseline,rt-pipeline-v1,ensino-schema-v1,2026-04-03 18:31:09.375773+00
422,914d17c8-c61c-4b95-8911-8dff88373159,14,3,Interferencia - palavras incongruentes,incongruent_color_word,AMARELO,Verde,d,d,1,0,1356,stroop-victoria-desktop-v1-baseline,rt-pipeline-v1,ensino-schema-v1,2026-04-03 18:31:09.375773+00
423,914d17c8-c61c-4b95-8911-8dff88373159,15,3,Interferencia - palavras incongruentes,incongruent_color_word,VERMELHO,Verde,d,d,1,0,1363,stroop-victoria-desktop-v1-baseline,rt-pipeline-v1,ensino-schema-v1,2026-04-03 18:31:09.375773+00
424,914d17c8-c61c-4b95-8911-8dff88373159,16,3,Interferencia - palavras incongruentes,incongruent_color_word,VERMELHO,Azul,s,s,1,0,1231,stroop-victoria-desktop-v1-baseline,rt-pipeline-v1,ensino-schema-v1,2026-04-03 18:31:09.375773+00
425,914d17c8-c61c-4b95-8911-8dff88373159,17,3,Interferencia - palavras incongruentes,incongruent_color_word,VERMELHO,Amarelo,l,l,1,0,1485,stroop-victoria-desktop-v1-baseline,rt-pipeline-v1,ensino-schema-v1,2026-04-03 18:31:09.375773+00
426,914d17c8-c61c-4b95-8911-8dff88373159,18,3,Interferencia - palavras incongruentes,incongruent_color_word,VERDE,Amarelo,l,l,1,0,1423,stroop-victoria-desktop-v1-baseline,rt-pipeline-v1,ensino-schema-v1,2026-04-03 18:31:09.375773+00
427,914d17c8-c61c-4b95-8911-8dff88373159,19,3,Interferencia - palavras incongruentes,incongruent_color_word,AMARELO,Azul,s,s,1,0,1320,stroop-victoria-desktop-v1-baseline,rt-pipeline-v1,ensino-schema-v1,2026-04-03 18:31:09.375773+00
428,914d17c8-c61c-4b95-8911-8dff88373159,20,3,Interferencia - palavras incongruentes,incongruent_color_word,VERDE,Azul,s,s,1,0,1567,stroop-victoria-desktop-v1-baseline,rt-pipeline-v1,ensino-schema-v1,2026-04-03 18:31:09.375773+00
429,914d17c8-c61c-4b95-8911-8dff88373159,21,3,Interferencia - palavras incongruentes,incongruent_color_word,VERDE,Azul,s,s,1,0,1362,stroop-victoria-desktop-v1-baseline,rt-pipeline-v1,ensino-schema-v1,2026-04-03 18:31:09.375773+00
430,914d17c8-c61c-4b95-8911-8dff88373159,22,3,Interferencia - palavras incongruentes,incongruent_color_word,VERDE,Vermelho,k,k,1,0,1847,stroop-victoria-desktop-v1-baseline,rt-pipeline-v1,ensino-schema-v1,2026-04-03 18:31:09.375773+00
431,914d17c8-c61c-4b95-8911-8dff88373159,23,3,Interferencia - palavras incongruentes,incongruent_color_word,AZUL,Amarelo,l,l,1,0,1431,stroop-victoria-desktop-v1-baseline,rt-pipeline-v1,ensino-schema-v1,2026-04-03 18:31:09.375773+00
432,914d17c8-c61c-4b95-8911-8dff88373159,24,3,Interferencia - palavras incongruentes,incongruent_color_word,AMARELO,Verde,d,d,1,0,1427,stroop-victoria-desktop-v1-baseline,rt-pipeline-v1,ensino-schema-v1,2026-04-03 18:31:09.375773+00
433,1e0fa1b6-e061-4284-9fa2-30ddc012a550,1,1,Neutro - circulos coloridos,circle,circulo,Azul,s,,0,1,,stroop-victoria-desktop-v1-baseline,rt-pipeline-v1,ensino-schema-v1,2026-04-03 18:39:00.364943+00
434,1e0fa1b6-e061-4284-9fa2-30ddc012a550,2,1,Neutro - circulos coloridos,circle,circulo,Verde,d,,0,1,,stroop-victoria-desktop-v1-baseline,rt-pipeline-v1,ensino-schema-v1,2026-04-03 18:39:00.364943+00
435,1e0fa1b6-e061-4284-9fa2-30ddc012a550,3,1,Neutro - circulos coloridos,circle,circulo,Verde,d,,0,1,,stroop-victoria-desktop-v1-baseline,rt-pipeline-v1,ensino-schema-v1,2026-04-03 18:39:00.364943+00
436,1e0fa1b6-e061-4284-9fa2-30ddc012a550,4,1,Neutro - circulos coloridos,circle,circulo,Amarelo,l,l,1,0,2546,stroop-victoria-desktop-v1-baseline,rt-pipeline-v1,ensino-schema-v1,2026-04-03 18:39:00.364943+00
437,1e0fa1b6-e061-4284-9fa2-30ddc012a550,5,1,Neutro - circulos coloridos,circle,circulo,Verde,d,d,1,0,2336,stroop-victoria-desktop-v1-baseline,rt-pipeline-v1,ensino-schema-v1,2026-04-03 18:39:00.364943+00
438,1e0fa1b6-e061-4284-9fa2-30ddc012a550,6,1,Neutro - circulos coloridos,circle,circulo,Vermelho,k,k,1,0,2462,stroop-victoria-desktop-v1-baseline,rt-pipeline-v1,ensino-schema-v1,2026-04-03 18:39:00.364943+00
439,1e0fa1b6-e061-4284-9fa2-30ddc012a550,7,1,Neutro - circulos coloridos,circle,circulo,Amarelo,l,,0,1,,stroop-victoria-desktop-v1-baseline,rt-pipeline-v1,ensino-schema-v1,2026-04-03 18:39:00.364943+00
440,1e0fa1b6-e061-4284-9fa2-30ddc012a550,8,1,Neutro - circulos coloridos,circle,circulo,Azul,s,s,1,0,1866,stroop-victoria-desktop-v1-baseline,rt-pipeline-v1,ensino-schema-v1,2026-04-03 18:39:00.364943+00
441,1e0fa1b6-e061-4284-9fa2-30ddc012a550,9,1,Neutro - circulos coloridos,circle,circulo,Verde,d,d,1,0,1794,stroop-victoria-desktop-v1-baseline,rt-pipeline-v1,ensino-schema-v1,2026-04-03 18:39:00.364943+00
442,1e0fa1b6-e061-4284-9fa2-30ddc012a550,10,1,Neutro - circulos coloridos,circle,circulo,Vermelho,k,k,1,0,2618,stroop-victoria-desktop-v1-baseline,rt-pipeline-v1,ensino-schema-v1,2026-04-03 18:39:00.364943+00
443,1e0fa1b6-e061-4284-9fa2-30ddc012a550,11,1,Neutro - circulos coloridos,circle,circulo,Vermelho,k,k,1,0,1571,stroop-victoria-desktop-v1-baseline,rt-pipeline-v1,ensino-schema-v1,2026-04-03 18:39:00.364943+00
444,1e0fa1b6-e061-4284-9fa2-30ddc012a550,12,1,Neutro - circulos coloridos,circle,circulo,Amarelo,l,l,1,0,1817,stroop-victoria-desktop-v1-baseline,rt-pipeline-v1,ensino-schema-v1,2026-04-03 18:39:00.364943+00
445,1e0fa1b6-e061-4284-9fa2-30ddc012a550,13,1,Neutro - circulos coloridos,circle,circulo,Azul,s,s,1,0,1820,stroop-victoria-desktop-v1-baseline,rt-pipeline-v1,ensino-schema-v1,2026-04-03 18:39:00.364943+00
446,1e0fa1b6-e061-4284-9fa2-30ddc012a550,14,1,Neutro - circulos coloridos,circle,circulo,Vermelho,k,k,1,0,1979,stroop-victoria-desktop-v1-baseline,rt-pipeline-v1,ensino-schema-v1,2026-04-03 18:39:00.364943+00
447,1e0fa1b6-e061-4284-9fa2-30ddc012a550,15,1,Neutro - circulos coloridos,circle,circulo,Verde,d,d,1,0,1986,stroop-victoria-desktop-v1-baseline,rt-pipeline-v1,ensino-schema-v1,2026-04-03 18:39:00.364943+00
448,1e0fa1b6-e061-4284-9fa2-30ddc012a550,16,1,Neutro - circulos coloridos,circle,circulo,Azul,s,s,1,0,2308,stroop-victoria-desktop-v1-baseline,rt-pipeline-v1,ensino-schema-v1,2026-04-03 18:39:00.364943+00
449,1e0fa1b6-e061-4284-9fa2-30ddc012a550,17,1,Neutro - circulos coloridos,circle,circulo,Azul,s,s,1,0,2265,stroop-victoria-desktop-v1-baseline,rt-pipeline-v1,ensino-schema-v1,2026-04-03 18:39:00.364943+00
450,1e0fa1b6-e061-4284-9fa2-30ddc012a550,18,1,Neutro - circulos coloridos,circle,circulo,Amarelo,l,l,1,0,1612,stroop-victoria-desktop-v1-baseline,rt-pipeline-v1,ensino-schema-v1,2026-04-03 18:39:00.364943+00
451,1e0fa1b6-e061-4284-9fa2-30ddc012a550,19,1,Neutro - circulos coloridos,circle,circulo,Azul,s,s,1,0,1698,stroop-victoria-desktop-v1-baseline,rt-pipeline-v1,ensino-schema-v1,2026-04-03 18:39:00.364943+00
452,1e0fa1b6-e061-4284-9fa2-30ddc012a550,20,1,Neutro - circulos coloridos,circle,circulo,Amarelo,l,l,1,0,2622,stroop-victoria-desktop-v1-baseline,rt-pipeline-v1,ensino-schema-v1,2026-04-03 18:39:00.364943+00
453,1e0fa1b6-e061-4284-9fa2-30ddc012a550,21,1,Neutro - circulos coloridos,circle,circulo,Vermelho,k,k,1,0,1639,stroop-victoria-desktop-v1-baseline,rt-pipeline-v1,ensino-schema-v1,2026-04-03 18:39:00.364943+00
454,1e0fa1b6-e061-4284-9fa2-30ddc012a550,22,1,Neutro - circulos coloridos,circle,circulo,Amarelo,l,l,1,0,1855,stroop-victoria-desktop-v1-baseline,rt-pipeline-v1,ensino-schema-v1,2026-04-03 18:39:00.364943+00
455,1e0fa1b6-e061-4284-9fa2-30ddc012a550,23,1,Neutro - circulos coloridos,circle,circulo,Vermelho,k,k,1,0,1309,stroop-victoria-desktop-v1-baseline,rt-pipeline-v1,ensino-schema-v1,2026-04-03 18:39:00.364943+00
456,1e0fa1b6-e061-4284-9fa2-30ddc012a550,24,1,Neutro - circulos coloridos,circle,circulo,Verde,d,d,1,0,1988,stroop-victoria-desktop-v1-baseline,rt-pipeline-v1,ensino-schema-v1,2026-04-03 18:39:00.364943+00
457,1e0fa1b6-e061-4284-9fa2-30ddc012a550,1,2,Controle - palavras neutras,neutral_word,CASA,Amarelo,l,l,1,0,2719,stroop-victoria-desktop-v1-baseline,rt-pipeline-v1,ensino-schema-v1,2026-04-03 18:39:00.364943+00
458,1e0fa1b6-e061-4284-9fa2-30ddc012a550,2,2,Controle - palavras neutras,neutral_word,JANELA,Amarelo,l,l,1,0,1503,stroop-victoria-desktop-v1-baseline,rt-pipeline-v1,ensino-schema-v1,2026-04-03 18:39:00.364943+00
459,1e0fa1b6-e061-4284-9fa2-30ddc012a550,3,2,Controle - palavras neutras,neutral_word,NUVEM,Amarelo,l,l,1,0,1367,stroop-victoria-desktop-v1-baseline,rt-pipeline-v1,ensino-schema-v1,2026-04-03 18:39:00.364943+00
460,1e0fa1b6-e061-4284-9fa2-30ddc012a550,4,2,Controle - palavras neutras,neutral_word,CASA,Azul,s,s,1,0,2274,stroop-victoria-desktop-v1-baseline,rt-pipeline-v1,ensino-schema-v1,2026-04-03 18:39:00.364943+00
461,1e0fa1b6-e061-4284-9fa2-30ddc012a550,5,2,Controle - palavras neutras,neutral_word,NUVEM,Verde,d,d,1,0,2299,stroop-victoria-desktop-v1-baseline,rt-pipeline-v1,ensino-schema-v1,2026-04-03 18:39:00.364943+00
462,1e0fa1b6-e061-4284-9fa2-30ddc012a550,6,2,Controle - palavras neutras,neutral_word,LIVRO,Verde,d,d,1,0,1544,stroop-victoria-desktop-v1-baseline,rt-pipeline-v1,ensino-schema-v1,2026-04-03 18:39:00.364943+00
463,1e0fa1b6-e061-4284-9fa2-30ddc012a550,7,2,Controle - palavras neutras,neutral_word,MESA,Verde,d,d,1,0,1881,stroop-victoria-desktop-v1-baseline,rt-pipeline-v1,ensino-schema-v1,2026-04-03 18:39:00.364943+00
464,1e0fa1b6-e061-4284-9fa2-30ddc012a550,8,2,Controle - palavras neutras,neutral_word,TRILHO,Amarelo,l,l,1,0,1532,stroop-victoria-desktop-v1-baseline,rt-pipeline-v1,ensino-schema-v1,2026-04-03 18:39:00.364943+00
465,1e0fa1b6-e061-4284-9fa2-30ddc012a550,9,2,Controle - palavras neutras,neutral_word,LIVRO,Amarelo,l,l,1,0,1392,stroop-victoria-desktop-v1-baseline,rt-pipeline-v1,ensino-schema-v1,2026-04-03 18:39:00.364943+00
466,1e0fa1b6-e061-4284-9fa2-30ddc012a550,10,2,Controle - palavras neutras,neutral_word,MESA,Azul,s,s,1,0,1961,stroop-victoria-desktop-v1-baseline,rt-pipeline-v1,ensino-schema-v1,2026-04-03 18:39:00.364943+00
467,1e0fa1b6-e061-4284-9fa2-30ddc012a550,11,2,Controle - palavras neutras,neutral_word,NUVEM,Azul,s,s,1,0,1708,stroop-victoria-desktop-v1-baseline,rt-pipeline-v1,ensino-schema-v1,2026-04-03 18:39:00.364943+00
468,1e0fa1b6-e061-4284-9fa2-30ddc012a550,12,2,Controle - palavras neutras,neutral_word,CASA,Verde,d,d,1,0,1645,stroop-victoria-desktop-v1-baseline,rt-pipeline-v1,ensino-schema-v1,2026-04-03 18:39:00.364943+00
469,1e0fa1b6-e061-4284-9fa2-30ddc012a550,13,2,Controle - palavras neutras,neutral_word,TRILHO,Verde,d,d,1,0,2079,stroop-victoria-desktop-v1-baseline,rt-pipeline-v1,ensino-schema-v1,2026-04-03 18:39:00.364943+00
470,1e0fa1b6-e061-4284-9fa2-30ddc012a550,14,2,Controle - palavras neutras,neutral_word,JANELA,Vermelho,k,k,1,0,1442,stroop-victoria-desktop-v1-baseline,rt-pipeline-v1,ensino-schema-v1,2026-04-03 18:39:00.364943+00
471,1e0fa1b6-e061-4284-9fa2-30ddc012a550,15,2,Controle - palavras neutras,neutral_word,JANELA,Azul,s,s,1,0,1986,stroop-victoria-desktop-v1-baseline,rt-pipeline-v1,ensino-schema-v1,2026-04-03 18:39:00.364943+00
472,1e0fa1b6-e061-4284-9fa2-30ddc012a550,16,2,Controle - palavras neutras,neutral_word,LIVRO,Vermelho,k,k,1,0,1484,stroop-victoria-desktop-v1-baseline,rt-pipeline-v1,ensino-schema-v1,2026-04-03 18:39:00.364943+00
473,1e0fa1b6-e061-4284-9fa2-30ddc012a550,17,2,Controle - palavras neutras,neutral_word,MESA,Vermelho,k,k,1,0,1335,stroop-victoria-desktop-v1-baseline,rt-pipeline-v1,ensino-schema-v1,2026-04-03 18:39:00.364943+00
474,1e0fa1b6-e061-4284-9fa2-30ddc012a550,18,2,Controle - palavras neutras,neutral_word,TRILHO,Azul,s,s,1,0,2888,stroop-victoria-desktop-v1-baseline,rt-pipeline-v1,ensino-schema-v1,2026-04-03 18:39:00.364943+00
475,1e0fa1b6-e061-4284-9fa2-30ddc012a550,19,2,Controle - palavras neutras,neutral_word,NUVEM,Vermelho,k,k,1,0,2788,stroop-victoria-desktop-v1-baseline,rt-pipeline-v1,ensino-schema-v1,2026-04-03 18:39:00.364943+00
476,1e0fa1b6-e061-4284-9fa2-30ddc012a550,20,2,Controle - palavras neutras,neutral_word,MESA,Amarelo,l,l,1,0,1682,stroop-victoria-desktop-v1-baseline,rt-pipeline-v1,ensino-schema-v1,2026-04-03 18:39:00.364943+00
477,1e0fa1b6-e061-4284-9fa2-30ddc012a550,21,2,Controle - palavras neutras,neutral_word,TRILHO,Vermelho,k,k,1,0,1604,stroop-victoria-desktop-v1-baseline,rt-pipeline-v1,ensino-schema-v1,2026-04-03 18:39:00.364943+00
478,1e0fa1b6-e061-4284-9fa2-30ddc012a550,22,2,Controle - palavras neutras,neutral_word,JANELA,Verde,d,d,1,0,2454,stroop-victoria-desktop-v1-baseline,rt-pipeline-v1,ensino-schema-v1,2026-04-03 18:39:00.364943+00
479,1e0fa1b6-e061-4284-9fa2-30ddc012a550,23,2,Controle - palavras neutras,neutral_word,LIVRO,Azul,s,s,1,0,1693,stroop-victoria-desktop-v1-baseline,rt-pipeline-v1,ensino-schema-v1,2026-04-03 18:39:00.364943+00
480,1e0fa1b6-e061-4284-9fa2-30ddc012a550,24,2,Controle - palavras neutras,neutral_word,CASA,Vermelho,k,k,1,0,2601,stroop-victoria-desktop-v1-baseline,rt-pipeline-v1,ensino-schema-v1,2026-04-03 18:39:00.364943+00
481,1e0fa1b6-e061-4284-9fa2-30ddc012a550,1,3,Interferencia - palavras incongruentes,incongruent_color_word,AMARELO,Azul,s,s,1,0,2062,stroop-victoria-desktop-v1-baseline,rt-pipeline-v1,ensino-schema-v1,2026-04-03 18:39:00.364943+00
482,1e0fa1b6-e061-4284-9fa2-30ddc012a550,2,3,Interferencia - palavras incongruentes,incongruent_color_word,VERDE,Vermelho,k,,0,1,,stroop-victoria-desktop-v1-baseline,rt-pipeline-v1,ensino-schema-v1,2026-04-03 18:39:00.364943+00
483,1e0fa1b6-e061-4284-9fa2-30ddc012a550,3,3,Interferencia - palavras incongruentes,incongruent_color_word,AMARELO,Azul,s,s,1,0,2552,stroop-victoria-desktop-v1-baseline,rt-pipeline-v1,ensino-schema-v1,2026-04-03 18:39:00.364943+00
484,1e0fa1b6-e061-4284-9fa2-30ddc012a550,4,3,Interferencia - palavras incongruentes,incongruent_color_word,VERMELHO,Amarelo,l,l,1,0,1517,stroop-victoria-desktop-v1-baseline,rt-pipeline-v1,ensino-schema-v1,2026-04-03 18:39:00.364943+00
485,1e0fa1b6-e061-4284-9fa2-30ddc012a550,5,3,Interferencia - palavras incongruentes,incongruent_color_word,AZUL,Vermelho,k,k,1,0,1343,stroop-victoria-desktop-v1-baseline,rt-pipeline-v1,ensino-schema-v1,2026-04-03 18:39:00.364943+00
486,1e0fa1b6-e061-4284-9fa2-30ddc012a550,6,3,Interferencia - palavras incongruentes,incongruent_color_word,AMARELO,Vermelho,k,k,1,0,1229,stroop-victoria-desktop-v1-baseline,rt-pipeline-v1,ensino-schema-v1,2026-04-03 18:39:00.364943+00
487,1e0fa1b6-e061-4284-9fa2-30ddc012a550,7,3,Interferencia - palavras incongruentes,incongruent_color_word,AZUL,Amarelo,l,l,1,0,1185,stroop-victoria-desktop-v1-baseline,rt-pipeline-v1,ensino-schema-v1,2026-04-03 18:39:00.364943+00
488,1e0fa1b6-e061-4284-9fa2-30ddc012a550,8,3,Interferencia - palavras incongruentes,incongruent_color_word,VERDE,Azul,s,s,1,0,1236,stroop-victoria-desktop-v1-baseline,rt-pipeline-v1,ensino-schema-v1,2026-04-03 18:39:00.364943+00
489,1e0fa1b6-e061-4284-9fa2-30ddc012a550,9,3,Interferencia - palavras incongruentes,incongruent_color_word,AZUL,Verde,d,d,1,0,1820,stroop-victoria-desktop-v1-baseline,rt-pipeline-v1,ensino-schema-v1,2026-04-03 18:39:00.364943+00
490,1e0fa1b6-e061-4284-9fa2-30ddc012a550,10,3,Interferencia - palavras incongruentes,incongruent_color_word,AMARELO,Vermelho,k,k,1,0,1355,stroop-victoria-desktop-v1-baseline,rt-pipeline-v1,ensino-schema-v1,2026-04-03 18:39:00.364943+00
491,1e0fa1b6-e061-4284-9fa2-30ddc012a550,11,3,Interferencia - palavras incongruentes,incongruent_color_word,AMARELO,Verde,d,d,1,0,1893,stroop-victoria-desktop-v1-baseline,rt-pipeline-v1,ensino-schema-v1,2026-04-03 18:39:00.364943+00
492,1e0fa1b6-e061-4284-9fa2-30ddc012a550,12,3,Interferencia - palavras incongruentes,incongruent_color_word,VERDE,Amarelo,l,l,1,0,1234,stroop-victoria-desktop-v1-baseline,rt-pipeline-v1,ensino-schema-v1,2026-04-03 18:39:00.364943+00
493,1e0fa1b6-e061-4284-9fa2-30ddc012a550,13,3,Interferencia - palavras incongruentes,incongruent_color_word,AZUL,Amarelo,l,l,1,0,1390,stroop-victoria-desktop-v1-baseline,rt-pipeline-v1,ensino-schema-v1,2026-04-03 18:39:00.364943+00
494,1e0fa1b6-e061-4284-9fa2-30ddc012a550,14,3,Interferencia - palavras incongruentes,incongruent_color_word,VERMELHO,Verde,d,d,1,0,1713,stroop-victoria-desktop-v1-baseline,rt-pipeline-v1,ensino-schema-v1,2026-04-03 18:39:00.364943+00
495,1e0fa1b6-e061-4284-9fa2-30ddc012a550,15,3,Interferencia - palavras incongruentes,incongruent_color_word,AMARELO,Verde,d,d,1,0,1810,stroop-victoria-desktop-v1-baseline,rt-pipeline-v1,ensino-schema-v1,2026-04-03 18:39:00.364943+00
496,1e0fa1b6-e061-4284-9fa2-30ddc012a550,16,3,Interferencia - palavras incongruentes,incongruent_color_word,VERDE,Amarelo,l,l,1,0,1587,stroop-victoria-desktop-v1-baseline,rt-pipeline-v1,ensino-schema-v1,2026-04-03 18:39:00.364943+00
497,1e0fa1b6-e061-4284-9fa2-30ddc012a550,17,3,Interferencia - palavras incongruentes,incongruent_color_word,VERMELHO,Azul,s,s,1,0,1417,stroop-victoria-desktop-v1-baseline,rt-pipeline-v1,ensino-schema-v1,2026-04-03 18:39:00.364943+00
498,1e0fa1b6-e061-4284-9fa2-30ddc012a550,18,3,Interferencia - palavras incongruentes,incongruent_color_word,AZUL,Verde,d,d,1,0,2147,stroop-victoria-desktop-v1-baseline,rt-pipeline-v1,ensino-schema-v1,2026-04-03 18:39:00.364943+00
499,1e0fa1b6-e061-4284-9fa2-30ddc012a550,19,3,Interferencia - palavras incongruentes,incongruent_color_word,VERMELHO,Amarelo,l,l,1,0,1251,stroop-victoria-desktop-v1-baseline,rt-pipeline-v1,ensino-schema-v1,2026-04-03 18:39:00.364943+00
500,1e0fa1b6-e061-4284-9fa2-30ddc012a550,20,3,Interferencia - palavras incongruentes,incongruent_color_word,VERMELHO,Azul,s,s,1,0,2043,stroop-victoria-desktop-v1-baseline,rt-pipeline-v1,ensino-schema-v1,2026-04-03 18:39:00.364943+00
501,1e0fa1b6-e061-4284-9fa2-30ddc012a550,21,3,Interferencia - palavras incongruentes,incongruent_color_word,AZUL,Vermelho,k,k,1,0,2519,stroop-victoria-desktop-v1-baseline,rt-pipeline-v1,ensino-schema-v1,2026-04-03 18:39:00.364943+00
502,1e0fa1b6-e061-4284-9fa2-30ddc012a550,22,3,Interferencia - palavras incongruentes,incongruent_color_word,VERDE,Azul,s,,0,1,,stroop-victoria-desktop-v1-baseline,rt-pipeline-v1,ensino-schema-v1,2026-04-03 18:39:00.364943+00
503,1e0fa1b6-e061-4284-9fa2-30ddc012a550,23,3,Interferencia - palavras incongruentes,incongruent_color_word,VERDE,Vermelho,k,k,1,0,2041,stroop-victoria-desktop-v1-baseline,rt-pipeline-v1,ensino-schema-v1,2026-04-03 18:39:00.364943+00
504,1e0fa1b6-e061-4284-9fa2-30ddc012a550,24,3,Interferencia - palavras incongruentes,incongruent_color_word,VERMELHO,Verde,d,d,1,0,2673,stroop-victoria-desktop-v1-baseline,rt-pipeline-v1,ensino-schema-v1,2026-04-03 18:39:00.364943+00
505,5e567209-3d73-4690-b401-9555ad48ff5c,1,1,Neutro - circulos coloridos,circle,circulo,Vermelho,k,d,0,0,2325,stroop-victoria-desktop-v1-baseline,rt-pipeline-v1,ensino-schema-v1,2026-04-03 18:51:30.573671+00
506,5e567209-3d73-4690-b401-9555ad48ff5c,2,1,Neutro - circulos coloridos,circle,circulo,Verde,d,,0,1,,stroop-victoria-desktop-v1-baseline,rt-pipeline-v1,ensino-schema-v1,2026-04-03 18:51:30.573671+00
507,5e567209-3d73-4690-b401-9555ad48ff5c,3,1,Neutro - circulos coloridos,circle,circulo,Azul,s,d,0,0,2423,stroop-victoria-desktop-v1-baseline,rt-pipeline-v1,ensino-schema-v1,2026-04-03 18:51:30.573671+00
508,5e567209-3d73-4690-b401-9555ad48ff5c,4,1,Neutro - circulos coloridos,circle,circulo,Vermelho,k,d,0,0,909,stroop-victoria-desktop-v1-baseline,rt-pipeline-v1,ensino-schema-v1,2026-04-03 18:51:30.573671+00
509,5e567209-3d73-4690-b401-9555ad48ff5c,5,1,Neutro - circulos coloridos,circle,circulo,Amarelo,l,d,0,0,1011,stroop-victoria-desktop-v1-baseline,rt-pipeline-v1,ensino-schema-v1,2026-04-03 18:51:30.573671+00
510,5e567209-3d73-4690-b401-9555ad48ff5c,6,1,Neutro - circulos coloridos,circle,circulo,Verde,d,d,1,0,961,stroop-victoria-desktop-v1-baseline,rt-pipeline-v1,ensino-schema-v1,2026-04-03 18:51:30.573671+00
511,5e567209-3d73-4690-b401-9555ad48ff5c,7,1,Neutro - circulos coloridos,circle,circulo,Vermelho,k,,0,1,,stroop-victoria-desktop-v1-baseline,rt-pipeline-v1,ensino-schema-v1,2026-04-03 18:51:30.573671+00
512,5e567209-3d73-4690-b401-9555ad48ff5c,8,1,Neutro - circulos coloridos,circle,circulo,Verde,d,,0,1,,stroop-victoria-desktop-v1-baseline,rt-pipeline-v1,ensino-schema-v1,2026-04-03 18:51:30.573671+00
513,5e567209-3d73-4690-b401-9555ad48ff5c,9,1,Neutro - circulos coloridos,circle,circulo,Azul,s,,0,1,,stroop-victoria-desktop-v1-baseline,rt-pipeline-v1,ensino-schema-v1,2026-04-03 18:51:30.573671+00
514,5e567209-3d73-4690-b401-9555ad48ff5c,10,1,Neutro - circulos coloridos,circle,circulo,Verde,d,,0,1,,stroop-victoria-desktop-v1-baseline,rt-pipeline-v1,ensino-schema-v1,2026-04-03 18:51:30.573671+00
515,5e567209-3d73-4690-b401-9555ad48ff5c,11,1,Neutro - circulos coloridos,circle,circulo,Azul,s,s,1,0,1230,stroop-victoria-desktop-v1-baseline,rt-pipeline-v1,ensino-schema-v1,2026-04-03 18:51:30.573671+00
516,5e567209-3d73-4690-b401-9555ad48ff5c,12,1,Neutro - circulos coloridos,circle,circulo,Amarelo,l,,0,1,,stroop-victoria-desktop-v1-baseline,rt-pipeline-v1,ensino-schema-v1,2026-04-03 18:51:30.573671+00
517,5e567209-3d73-4690-b401-9555ad48ff5c,13,1,Neutro - circulos coloridos,circle,circulo,Azul,s,l,0,0,159,stroop-victoria-desktop-v1-baseline,rt-pipeline-v1,ensino-schema-v1,2026-04-03 18:51:30.573671+00
518,5e567209-3d73-4690-b401-9555ad48ff5c,14,1,Neutro - circulos coloridos,circle,circulo,Vermelho,k,k,1,0,2378,stroop-victoria-desktop-v1-baseline,rt-pipeline-v1,ensino-schema-v1,2026-04-03 18:51:30.573671+00
519,5e567209-3d73-4690-b401-9555ad48ff5c,15,1,Neutro - circulos coloridos,circle,circulo,Azul,s,s,1,0,2476,stroop-victoria-desktop-v1-baseline,rt-pipeline-v1,ensino-schema-v1,2026-04-03 18:51:30.573671+00
520,5e567209-3d73-4690-b401-9555ad48ff5c,16,1,Neutro - circulos coloridos,circle,circulo,Amarelo,l,,0,1,,stroop-victoria-desktop-v1-baseline,rt-pipeline-v1,ensino-schema-v1,2026-04-03 18:51:30.573671+00
521,5e567209-3d73-4690-b401-9555ad48ff5c,17,1,Neutro - circulos coloridos,circle,circulo,Verde,d,l,0,0,423,stroop-victoria-desktop-v1-baseline,rt-pipeline-v1,ensino-schema-v1,2026-04-03 18:51:30.573671+00
522,5e567209-3d73-4690-b401-9555ad48ff5c,18,1,Neutro - circulos coloridos,circle,circulo,Amarelo,l,,0,1,,stroop-victoria-desktop-v1-baseline,rt-pipeline-v1,ensino-schema-v1,2026-04-03 18:51:30.573671+00
523,5e567209-3d73-4690-b401-9555ad48ff5c,19,1,Neutro - circulos coloridos,circle,circulo,Vermelho,k,k,1,0,1545,stroop-victoria-desktop-v1-baseline,rt-pipeline-v1,ensino-schema-v1,2026-04-03 18:51:30.573671+00
524,5e567209-3d73-4690-b401-9555ad48ff5c,20,1,Neutro - circulos coloridos,circle,circulo,Vermelho,k,k,1,0,2592,stroop-victoria-desktop-v1-baseline,rt-pipeline-v1,ensino-schema-v1,2026-04-03 18:51:30.573671+00
525,5e567209-3d73-4690-b401-9555ad48ff5c,21,1,Neutro - circulos coloridos,circle,circulo,Amarelo,l,,0,1,,stroop-victoria-desktop-v1-baseline,rt-pipeline-v1,ensino-schema-v1,2026-04-03 18:51:30.573671+00
526,5e567209-3d73-4690-b401-9555ad48ff5c,22,1,Neutro - circulos coloridos,circle,circulo,Azul,s,l,0,0,393,stroop-victoria-desktop-v1-baseline,rt-pipeline-v1,ensino-schema-v1,2026-04-03 18:51:30.573671+00
527,5e567209-3d73-4690-b401-9555ad48ff5c,23,1,Neutro - circulos coloridos,circle,circulo,Verde,d,l,0,0,2343,stroop-victoria-desktop-v1-baseline,rt-pipeline-v1,ensino-schema-v1,2026-04-03 18:51:30.573671+00
528,5e567209-3d73-4690-b401-9555ad48ff5c,24,1,Neutro - circulos coloridos,circle,circulo,Amarelo,l,l,1,0,2411,stroop-victoria-desktop-v1-baseline,rt-pipeline-v1,ensino-schema-v1,2026-04-03 18:51:30.573671+00
529,5e567209-3d73-4690-b401-9555ad48ff5c,1,2,Controle - palavras neutras,neutral_word,NUVEM,Amarelo,l,s,0,0,1964,stroop-victoria-desktop-v1-baseline,rt-pipeline-v1,ensino-schema-v1,2026-04-03 18:51:30.573671+00
530,5e567209-3d73-4690-b401-9555ad48ff5c,2,2,Controle - palavras neutras,neutral_word,JANELA,Amarelo,l,,0,1,,stroop-victoria-desktop-v1-baseline,rt-pipeline-v1,ensino-schema-v1,2026-04-03 18:51:30.573671+00
531,5e567209-3d73-4690-b401-9555ad48ff5c,3,2,Controle - palavras neutras,neutral_word,NUVEM,Vermelho,k,,0,1,,stroop-victoria-desktop-v1-baseline,rt-pipeline-v1,ensino-schema-v1,2026-04-03 18:51:30.573671+00
532,5e567209-3d73-4690-b401-9555ad48ff5c,4,2,Controle - palavras neutras,neutral_word,MESA,Amarelo,l,s,0,0,2623,stroop-victoria-desktop-v1-baseline,rt-pipeline-v1,ensino-schema-v1,2026-04-03 18:51:30.573671+00
533,5e567209-3d73-4690-b401-9555ad48ff5c,5,2,Controle - palavras neutras,neutral_word,MESA,Azul,s,d,0,0,2784,stroop-victoria-desktop-v1-baseline,rt-pipeline-v1,ensino-schema-v1,2026-04-03 18:51:30.573671+00
534,5e567209-3d73-4690-b401-9555ad48ff5c,6,2,Controle - palavras neutras,neutral_word,JANELA,Verde,d,,0,1,,stroop-victoria-desktop-v1-baseline,rt-pipeline-v1,ensino-schema-v1,2026-04-03 18:51:30.573671+00
535,5e567209-3d73-4690-b401-9555ad48ff5c,7,2,Controle - palavras neutras,neutral_word,TRILHO,Verde,d,,0,1,,stroop-victoria-desktop-v1-baseline,rt-pipeline-v1,ensino-schema-v1,2026-04-03 18:51:30.573671+00
536,5e567209-3d73-4690-b401-9555ad48ff5c,8,2,Controle - palavras neutras,neutral_word,CASA,Verde,d,d,1,0,1290,stroop-victoria-desktop-v1-baseline,rt-pipeline-v1,ensino-schema-v1,2026-04-03 18:51:30.573671+00
537,5e567209-3d73-4690-b401-9555ad48ff5c,9,2,Controle - palavras neutras,neutral_word,LIVRO,Azul,s,s,1,0,2206,stroop-victoria-desktop-v1-baseline,rt-pipeline-v1,ensino-schema-v1,2026-04-03 18:51:30.573671+00
538,5e567209-3d73-4690-b401-9555ad48ff5c,10,2,Controle - palavras neutras,neutral_word,NUVEM,Azul,s,s,1,0,2743,stroop-victoria-desktop-v1-baseline,rt-pipeline-v1,ensino-schema-v1,2026-04-03 18:51:30.573671+00
539,5e567209-3d73-4690-b401-9555ad48ff5c,11,2,Controle - palavras neutras,neutral_word,LIVRO,Amarelo,l,,0,1,,stroop-victoria-desktop-v1-baseline,rt-pipeline-v1,ensino-schema-v1,2026-04-03 18:51:30.573671+00
540,5e567209-3d73-4690-b401-9555ad48ff5c,12,2,Controle - palavras neutras,neutral_word,CASA,Azul,s,,0,1,,stroop-victoria-desktop-v1-baseline,rt-pipeline-v1,ensino-schema-v1,2026-04-03 18:51:30.573671+00
541,5e567209-3d73-4690-b401-9555ad48ff5c,13,2,Controle - palavras neutras,neutral_word,NUVEM,Verde,d,,0,1,,stroop-victoria-desktop-v1-baseline,rt-pipeline-v1,ensino-schema-v1,2026-04-03 18:51:30.573671+00
542,5e567209-3d73-4690-b401-9555ad48ff5c,14,2,Controle - palavras neutras,neutral_word,LIVRO,Verde,d,s,0,0,2548,stroop-victoria-desktop-v1-baseline,rt-pipeline-v1,ensino-schema-v1,2026-04-03 18:51:30.573671+00
543,5e567209-3d73-4690-b401-9555ad48ff5c,15,2,Controle - palavras neutras,neutral_word,JANELA,Azul,s,s,1,0,1573,stroop-victoria-desktop-v1-baseline,rt-pipeline-v1,ensino-schema-v1,2026-04-03 18:51:30.573671+00
544,5e567209-3d73-4690-b401-9555ad48ff5c,16,2,Controle - palavras neutras,neutral_word,JANELA,Vermelho,k,k,1,0,2128,stroop-victoria-desktop-v1-baseline,rt-pipeline-v1,ensino-schema-v1,2026-04-03 18:51:30.573671+00
545,5e567209-3d73-4690-b401-9555ad48ff5c,17,2,Controle - palavras neutras,neutral_word,TRILHO,Amarelo,l,l,1,0,1573,stroop-victoria-desktop-v1-baseline,rt-pipeline-v1,ensino-schema-v1,2026-04-03 18:51:30.573671+00
546,5e567209-3d73-4690-b401-9555ad48ff5c,18,2,Controle - palavras neutras,neutral_word,CASA,Vermelho,k,k,1,0,2989,stroop-victoria-desktop-v1-baseline,rt-pipeline-v1,ensino-schema-v1,2026-04-03 18:51:30.573671+00
547,5e567209-3d73-4690-b401-9555ad48ff5c,19,2,Controle - palavras neutras,neutral_word,MESA,Vermelho,k,k,1,0,2333,stroop-victoria-desktop-v1-baseline,rt-pipeline-v1,ensino-schema-v1,2026-04-03 18:51:30.573671+00
548,5e567209-3d73-4690-b401-9555ad48ff5c,20,2,Controle - palavras neutras,neutral_word,LIVRO,Vermelho,k,k,1,0,2045,stroop-victoria-desktop-v1-baseline,rt-pipeline-v1,ensino-schema-v1,2026-04-03 18:51:30.573671+00
549,5e567209-3d73-4690-b401-9555ad48ff5c,21,2,Controle - palavras neutras,neutral_word,TRILHO,Vermelho,k,k,1,0,1777,stroop-victoria-desktop-v1-baseline,rt-pipeline-v1,ensino-schema-v1,2026-04-03 18:51:30.573671+00
550,5e567209-3d73-4690-b401-9555ad48ff5c,22,2,Controle - palavras neutras,neutral_word,MESA,Verde,d,,0,1,,stroop-victoria-desktop-v1-baseline,rt-pipeline-v1,ensino-schema-v1,2026-04-03 18:51:30.573671+00
551,5e567209-3d73-4690-b401-9555ad48ff5c,23,2,Controle - palavras neutras,neutral_word,TRILHO,Azul,s,d,0,0,58,stroop-victoria-desktop-v1-baseline,rt-pipeline-v1,ensino-schema-v1,2026-04-03 18:51:30.573671+00
552,5e567209-3d73-4690-b401-9555ad48ff5c,24,2,Controle - palavras neutras,neutral_word,CASA,Amarelo,l,l,1,0,2624,stroop-victoria-desktop-v1-baseline,rt-pipeline-v1,ensino-schema-v1,2026-04-03 18:51:30.573671+00
553,5e567209-3d73-4690-b401-9555ad48ff5c,1,3,Interferencia - palavras incongruentes,incongruent_color_word,VERMELHO,Azul,s,d,0,0,1525,stroop-victoria-desktop-v1-baseline,rt-pipeline-v1,ensino-schema-v1,2026-04-03 18:51:30.573671+00
554,5e567209-3d73-4690-b401-9555ad48ff5c,2,3,Interferencia - palavras incongruentes,incongruent_color_word,AZUL,Amarelo,l,l,1,0,1931,stroop-victoria-desktop-v1-baseline,rt-pipeline-v1,ensino-schema-v1,2026-04-03 18:51:30.573671+00
555,5e567209-3d73-4690-b401-9555ad48ff5c,3,3,Interferencia - palavras incongruentes,incongruent_color_word,VERMELHO,Verde,d,,0,1,,stroop-victoria-desktop-v1-baseline,rt-pipeline-v1,ensino-schema-v1,2026-04-03 18:51:30.573671+00
556,5e567209-3d73-4690-b401-9555ad48ff5c,4,3,Interferencia - palavras incongruentes,incongruent_color_word,VERDE,Amarelo,l,l,1,0,1958,stroop-victoria-desktop-v1-baseline,rt-pipeline-v1,ensino-schema-v1,2026-04-03 18:51:30.573671+00
557,5e567209-3d73-4690-b401-9555ad48ff5c,5,3,Interferencia - palavras incongruentes,incongruent_color_word,VERDE,Azul,s,s,1,0,2995,stroop-victoria-desktop-v1-baseline,rt-pipeline-v1,ensino-schema-v1,2026-04-03 18:51:30.573671+00
558,5e567209-3d73-4690-b401-9555ad48ff5c,6,3,Interferencia - palavras incongruentes,incongruent_color_word,VERMELHO,Verde,d,d,1,0,2076,stroop-victoria-desktop-v1-baseline,rt-pipeline-v1,ensino-schema-v1,2026-04-03 18:51:30.573671+00
559,5e567209-3d73-4690-b401-9555ad48ff5c,7,3,Interferencia - palavras incongruentes,incongruent_color_word,AMARELO,Azul,s,s,1,0,2673,stroop-victoria-desktop-v1-baseline,rt-pipeline-v1,ensino-schema-v1,2026-04-03 18:51:30.573671+00
560,5e567209-3d73-4690-b401-9555ad48ff5c,8,3,Interferencia - palavras incongruentes,incongruent_color_word,VERDE,Amarelo,l,l,1,0,2341,stroop-victoria-desktop-v1-baseline,rt-pipeline-v1,ensino-schema-v1,2026-04-03 18:51:30.573671+00
561,5e567209-3d73-4690-b401-9555ad48ff5c,9,3,Interferencia - palavras incongruentes,incongruent_color_word,AMARELO,Verde,d,,0,1,,stroop-victoria-desktop-v1-baseline,rt-pipeline-v1,ensino-schema-v1,2026-04-03 18:51:30.573671+00
562,5e567209-3d73-4690-b401-9555ad48ff5c,10,3,Interferencia - palavras incongruentes,incongruent_color_word,AZUL,Vermelho,k,,0,1,,stroop-victoria-desktop-v1-baseline,rt-pipeline-v1,ensino-schema-v1,2026-04-03 18:51:30.573671+00
563,5e567209-3d73-4690-b401-9555ad48ff5c,11,3,Interferencia - palavras incongruentes,incongruent_color_word,VERMELHO,Azul,s,,0,1,,stroop-victoria-desktop-v1-baseline,rt-pipeline-v1,ensino-schema-v1,2026-04-03 18:51:30.573671+00
564,5e567209-3d73-4690-b401-9555ad48ff5c,12,3,Interferencia - palavras incongruentes,incongruent_color_word,VERMELHO,Amarelo,l,l,1,0,1941,stroop-victoria-desktop-v1-baseline,rt-pipeline-v1,ensino-schema-v1,2026-04-03 18:51:30.573671+00
565,5e567209-3d73-4690-b401-9555ad48ff5c,13,3,Interferencia - palavras incongruentes,incongruent_color_word,AMARELO,Azul,s,,0,1,,stroop-victoria-desktop-v1-baseline,rt-pipeline-v1,ensino-schema-v1,2026-04-03 18:51:30.573671+00
566,5e567209-3d73-4690-b401-9555ad48ff5c,14,3,Interferencia - palavras incongruentes,incongruent_color_word,VERDE,Azul,s,,0,1,,stroop-victoria-desktop-v1-baseline,rt-pipeline-v1,ensino-schema-v1,2026-04-03 18:51:30.573671+00
567,5e567209-3d73-4690-b401-9555ad48ff5c,15,3,Interferencia - palavras incongruentes,incongruent_color_word,VERDE,Vermelho,k,d,0,0,643,stroop-victoria-desktop-v1-baseline,rt-pipeline-v1,ensino-schema-v1,2026-04-03 18:51:30.573671+00
568,5e567209-3d73-4690-b401-9555ad48ff5c,16,3,Interferencia - palavras incongruentes,incongruent_color_word,AZUL,Vermelho,k,,0,1,,stroop-victoria-desktop-v1-baseline,rt-pipeline-v1,ensino-schema-v1,2026-04-03 18:51:30.573671+00
569,5e567209-3d73-4690-b401-9555ad48ff5c,17,3,Interferencia - palavras incongruentes,incongruent_color_word,AMARELO,Verde,d,k,0,0,527,stroop-victoria-desktop-v1-baseline,rt-pipeline-v1,ensino-schema-v1,2026-04-03 18:51:30.573671+00
570,5e567209-3d73-4690-b401-9555ad48ff5c,18,3,Interferencia - palavras incongruentes,incongruent_color_word,VERMELHO,Amarelo,l,l,1,0,2665,stroop-victoria-desktop-v1-baseline,rt-pipeline-v1,ensino-schema-v1,2026-04-03 18:51:30.573671+00
571,5e567209-3d73-4690-b401-9555ad48ff5c,19,3,Interferencia - palavras incongruentes,incongruent_color_word,AZUL,Verde,d,,0,1,,stroop-victoria-desktop-v1-baseline,rt-pipeline-v1,ensino-schema-v1,2026-04-03 18:51:30.573671+00
572,5e567209-3d73-4690-b401-9555ad48ff5c,20,3,Interferencia - palavras incongruentes,incongruent_color_word,AMARELO,Vermelho,k,d,0,0,432,stroop-victoria-desktop-v1-baseline,rt-pipeline-v1,ensino-schema-v1,2026-04-03 18:51:30.573671+00
573,5e567209-3d73-4690-b401-9555ad48ff5c,21,3,Interferencia - palavras incongruentes,incongruent_color_word,AMARELO,Vermelho,k,l,0,0,2436,stroop-victoria-desktop-v1-baseline,rt-pipeline-v1,ensino-schema-v1,2026-04-03 18:51:30.573671+00
574,5e567209-3d73-4690-b401-9555ad48ff5c,22,3,Interferencia - palavras incongruentes,incongruent_color_word,AZUL,Amarelo,l,,0,1,,stroop-victoria-desktop-v1-baseline,rt-pipeline-v1,ensino-schema-v1,2026-04-03 18:51:30.573671+00
575,5e567209-3d73-4690-b401-9555ad48ff5c,23,3,Interferencia - palavras incongruentes,incongruent_color_word,AZUL,Verde,d,,0,1,,stroop-victoria-desktop-v1-baseline,rt-pipeline-v1,ensino-schema-v1,2026-04-03 18:51:30.573671+00
576,5e567209-3d73-4690-b401-9555ad48ff5c,24,3,Interferencia - palavras incongruentes,incongruent_color_word,VERDE,Vermelho,k,,0,1,,stroop-victoria-desktop-v1-baseline,rt-pipeline-v1,ensino-schema-v1,2026-04-03 18:51:30.573671+00
577,1f591a61-13d6-498e-a086-993cecbc88d0,1,1,Neutro - circulos coloridos,circle,circulo,Vermelho,k,,0,1,,stroop-victoria-desktop-v1-baseline,rt-pipeline-v1,ensino-schema-v1,2026-04-03 18:59:00.204994+00
578,1f591a61-13d6-498e-a086-993cecbc88d0,2,1,Neutro - circulos coloridos,circle,circulo,Verde,d,d,1,0,2229,stroop-victoria-desktop-v1-baseline,rt-pipeline-v1,ensino-schema-v1,2026-04-03 18:59:00.204994+00
579,1f591a61-13d6-498e-a086-993cecbc88d0,3,1,Neutro - circulos coloridos,circle,circulo,Verde,d,d,1,0,1709,stroop-victoria-desktop-v1-baseline,rt-pipeline-v1,ensino-schema-v1,2026-04-03 18:59:00.204994+00
580,1f591a61-13d6-498e-a086-993cecbc88d0,4,1,Neutro - circulos coloridos,circle,circulo,Amarelo,l,l,1,0,2265,stroop-victoria-desktop-v1-baseline,rt-pipeline-v1,ensino-schema-v1,2026-04-03 18:59:00.204994+00
581,1f591a61-13d6-498e-a086-993cecbc88d0,5,1,Neutro - circulos coloridos,circle,circulo,Vermelho,k,k,1,0,1486,stroop-victoria-desktop-v1-baseline,rt-pipeline-v1,ensino-schema-v1,2026-04-03 18:59:00.204994+00
582,1f591a61-13d6-498e-a086-993cecbc88d0,6,1,Neutro - circulos coloridos,circle,circulo,Amarelo,l,l,1,0,1513,stroop-victoria-desktop-v1-baseline,rt-pipeline-v1,ensino-schema-v1,2026-04-03 18:59:00.204994+00
583,1f591a61-13d6-498e-a086-993cecbc88d0,7,1,Neutro - circulos coloridos,circle,circulo,Vermelho,k,k,1,0,1339,stroop-victoria-desktop-v1-baseline,rt-pipeline-v1,ensino-schema-v1,2026-04-03 18:59:00.204994+00
584,1f591a61-13d6-498e-a086-993cecbc88d0,8,1,Neutro - circulos coloridos,circle,circulo,Azul,s,s,1,0,1641,stroop-victoria-desktop-v1-baseline,rt-pipeline-v1,ensino-schema-v1,2026-04-03 18:59:00.204994+00
585,1f591a61-13d6-498e-a086-993cecbc88d0,9,1,Neutro - circulos coloridos,circle,circulo,Verde,d,d,1,0,2540,stroop-victoria-desktop-v1-baseline,rt-pipeline-v1,ensino-schema-v1,2026-04-03 18:59:00.204994+00
586,1f591a61-13d6-498e-a086-993cecbc88d0,10,1,Neutro - circulos coloridos,circle,circulo,Amarelo,l,l,1,0,1796,stroop-victoria-desktop-v1-baseline,rt-pipeline-v1,ensino-schema-v1,2026-04-03 18:59:00.204994+00
587,1f591a61-13d6-498e-a086-993cecbc88d0,11,1,Neutro - circulos coloridos,circle,circulo,Verde,d,d,1,0,1700,stroop-victoria-desktop-v1-baseline,rt-pipeline-v1,ensino-schema-v1,2026-04-03 18:59:00.204994+00
588,1f591a61-13d6-498e-a086-993cecbc88d0,12,1,Neutro - circulos coloridos,circle,circulo,Verde,d,d,1,0,1236,stroop-victoria-desktop-v1-baseline,rt-pipeline-v1,ensino-schema-v1,2026-04-03 18:59:00.204994+00
589,1f591a61-13d6-498e-a086-993cecbc88d0,13,1,Neutro - circulos coloridos,circle,circulo,Azul,s,s,1,0,1052,stroop-victoria-desktop-v1-baseline,rt-pipeline-v1,ensino-schema-v1,2026-04-03 18:59:00.204994+00
590,1f591a61-13d6-498e-a086-993cecbc88d0,14,1,Neutro - circulos coloridos,circle,circulo,Azul,s,s,1,0,966,stroop-victoria-desktop-v1-baseline,rt-pipeline-v1,ensino-schema-v1,2026-04-03 18:59:00.204994+00
591,1f591a61-13d6-498e-a086-993cecbc88d0,15,1,Neutro - circulos coloridos,circle,circulo,Azul,s,s,1,0,1145,stroop-victoria-desktop-v1-baseline,rt-pipeline-v1,ensino-schema-v1,2026-04-03 18:59:00.204994+00
592,1f591a61-13d6-498e-a086-993cecbc88d0,16,1,Neutro - circulos coloridos,circle,circulo,Amarelo,l,l,1,0,1416,stroop-victoria-desktop-v1-baseline,rt-pipeline-v1,ensino-schema-v1,2026-04-03 18:59:00.204994+00
593,1f591a61-13d6-498e-a086-993cecbc88d0,17,1,Neutro - circulos coloridos,circle,circulo,Azul,s,s,1,0,1478,stroop-victoria-desktop-v1-baseline,rt-pipeline-v1,ensino-schema-v1,2026-04-03 18:59:00.204994+00
594,1f591a61-13d6-498e-a086-993cecbc88d0,18,1,Neutro - circulos coloridos,circle,circulo,Vermelho,k,k,1,0,1112,stroop-victoria-desktop-v1-baseline,rt-pipeline-v1,ensino-schema-v1,2026-04-03 18:59:00.204994+00
595,1f591a61-13d6-498e-a086-993cecbc88d0,19,1,Neutro - circulos coloridos,circle,circulo,Azul,s,s,1,0,1238,stroop-victoria-desktop-v1-baseline,rt-pipeline-v1,ensino-schema-v1,2026-04-03 18:59:00.204994+00
596,1f591a61-13d6-498e-a086-993cecbc88d0,20,1,Neutro - circulos coloridos,circle,circulo,Amarelo,l,l,1,0,1218,stroop-victoria-desktop-v1-baseline,rt-pipeline-v1,ensino-schema-v1,2026-04-03 18:59:00.204994+00
597,1f591a61-13d6-498e-a086-993cecbc88d0,21,1,Neutro - circulos coloridos,circle,circulo,Vermelho,k,k,1,0,1178,stroop-victoria-desktop-v1-baseline,rt-pipeline-v1,ensino-schema-v1,2026-04-03 18:59:00.204994+00
598,1f591a61-13d6-498e-a086-993cecbc88d0,22,1,Neutro - circulos coloridos,circle,circulo,Verde,d,d,1,0,1240,stroop-victoria-desktop-v1-baseline,rt-pipeline-v1,ensino-schema-v1,2026-04-03 18:59:00.204994+00
599,1f591a61-13d6-498e-a086-993cecbc88d0,23,1,Neutro - circulos coloridos,circle,circulo,Vermelho,k,k,1,0,1150,stroop-victoria-desktop-v1-baseline,rt-pipeline-v1,ensino-schema-v1,2026-04-03 18:59:00.204994+00
600,1f591a61-13d6-498e-a086-993cecbc88d0,24,1,Neutro - circulos coloridos,circle,circulo,Amarelo,l,l,1,0,1142,stroop-victoria-desktop-v1-baseline,rt-pipeline-v1,ensino-schema-v1,2026-04-03 18:59:00.204994+00
601,1f591a61-13d6-498e-a086-993cecbc88d0,1,2,Controle - palavras neutras,neutral_word,NUVEM,Verde,d,d,1,0,2425,stroop-victoria-desktop-v1-baseline,rt-pipeline-v1,ensino-schema-v1,2026-04-03 18:59:00.204994+00
602,1f591a61-13d6-498e-a086-993cecbc88d0,2,2,Controle - palavras neutras,neutral_word,CASA,Verde,d,d,1,0,1105,stroop-victoria-desktop-v1-baseline,rt-pipeline-v1,ensino-schema-v1,2026-04-03 18:59:00.204994+00
603,1f591a61-13d6-498e-a086-993cecbc88d0,3,2,Controle - palavras neutras,neutral_word,JANELA,Azul,s,s,1,0,1084,stroop-victoria-desktop-v1-baseline,rt-pipeline-v1,ensino-schema-v1,2026-04-03 18:59:00.204994+00
604,1f591a61-13d6-498e-a086-993cecbc88d0,4,2,Controle - palavras neutras,neutral_word,TRILHO,Amarelo,l,,0,1,,stroop-victoria-desktop-v1-baseline,rt-pipeline-v1,ensino-schema-v1,2026-04-03 18:59:00.204994+00
605,1f591a61-13d6-498e-a086-993cecbc88d0,5,2,Controle - palavras neutras,neutral_word,CASA,Azul,s,s,1,0,1129,stroop-victoria-desktop-v1-baseline,rt-pipeline-v1,ensino-schema-v1,2026-04-03 18:59:00.204994+00
606,1f591a61-13d6-498e-a086-993cecbc88d0,6,2,Controle - palavras neutras,neutral_word,LIVRO,Verde,d,d,1,0,1100,stroop-victoria-desktop-v1-baseline,rt-pipeline-v1,ensino-schema-v1,2026-04-03 18:59:00.204994+00
607,1f591a61-13d6-498e-a086-993cecbc88d0,7,2,Controle - palavras neutras,neutral_word,TRILHO,Azul,s,s,1,0,1202,stroop-victoria-desktop-v1-baseline,rt-pipeline-v1,ensino-schema-v1,2026-04-03 18:59:00.204994+00
608,1f591a61-13d6-498e-a086-993cecbc88d0,8,2,Controle - palavras neutras,neutral_word,MESA,Verde,d,d,1,0,2305,stroop-victoria-desktop-v1-baseline,rt-pipeline-v1,ensino-schema-v1,2026-04-03 18:59:00.204994+00
609,1f591a61-13d6-498e-a086-993cecbc88d0,9,2,Controle - palavras neutras,neutral_word,NUVEM,Vermelho,k,k,1,0,1153,stroop-victoria-desktop-v1-baseline,rt-pipeline-v1,ensino-schema-v1,2026-04-03 18:59:00.204994+00
610,1f591a61-13d6-498e-a086-993cecbc88d0,10,2,Controle - palavras neutras,neutral_word,MESA,Azul,s,s,1,0,1055,stroop-victoria-desktop-v1-baseline,rt-pipeline-v1,ensino-schema-v1,2026-04-03 18:59:00.204994+00
611,1f591a61-13d6-498e-a086-993cecbc88d0,11,2,Controle - palavras neutras,neutral_word,LIVRO,Amarelo,l,l,1,0,1170,stroop-victoria-desktop-v1-baseline,rt-pipeline-v1,ensino-schema-v1,2026-04-03 18:59:00.204994+00
612,1f591a61-13d6-498e-a086-993cecbc88d0,12,2,Controle - palavras neutras,neutral_word,JANELA,Amarelo,l,l,1,0,1013,stroop-victoria-desktop-v1-baseline,rt-pipeline-v1,ensino-schema-v1,2026-04-03 18:59:00.204994+00
613,1f591a61-13d6-498e-a086-993cecbc88d0,13,2,Controle - palavras neutras,neutral_word,CASA,Amarelo,l,l,1,0,878,stroop-victoria-desktop-v1-baseline,rt-pipeline-v1,ensino-schema-v1,2026-04-03 18:59:00.204994+00
614,1f591a61-13d6-498e-a086-993cecbc88d0,14,2,Controle - palavras neutras,neutral_word,TRILHO,Vermelho,k,k,1,0,1596,stroop-victoria-desktop-v1-baseline,rt-pipeline-v1,ensino-schema-v1,2026-04-03 18:59:00.204994+00
615,1f591a61-13d6-498e-a086-993cecbc88d0,15,2,Controle - palavras neutras,neutral_word,NUVEM,Azul,s,s,1,0,1023,stroop-victoria-desktop-v1-baseline,rt-pipeline-v1,ensino-schema-v1,2026-04-03 18:59:00.204994+00
616,1f591a61-13d6-498e-a086-993cecbc88d0,16,2,Controle - palavras neutras,neutral_word,LIVRO,Azul,s,s,1,0,885,stroop-victoria-desktop-v1-baseline,rt-pipeline-v1,ensino-schema-v1,2026-04-03 18:59:00.204994+00
617,1f591a61-13d6-498e-a086-993cecbc88d0,17,2,Controle - palavras neutras,neutral_word,CASA,Vermelho,k,k,1,0,1458,stroop-victoria-desktop-v1-baseline,rt-pipeline-v1,ensino-schema-v1,2026-04-03 18:59:00.204994+00
618,1f591a61-13d6-498e-a086-993cecbc88d0,18,2,Controle - palavras neutras,neutral_word,NUVEM,Amarelo,l,l,1,0,1049,stroop-victoria-desktop-v1-baseline,rt-pipeline-v1,ensino-schema-v1,2026-04-03 18:59:00.204994+00
619,1f591a61-13d6-498e-a086-993cecbc88d0,19,2,Controle - palavras neutras,neutral_word,TRILHO,Verde,d,d,1,0,1291,stroop-victoria-desktop-v1-baseline,rt-pipeline-v1,ensino-schema-v1,2026-04-03 18:59:00.204994+00
620,1f591a61-13d6-498e-a086-993cecbc88d0,20,2,Controle - palavras neutras,neutral_word,JANELA,Verde,d,d,1,0,992,stroop-victoria-desktop-v1-baseline,rt-pipeline-v1,ensino-schema-v1,2026-04-03 18:59:00.204994+00
621,1f591a61-13d6-498e-a086-993cecbc88d0,21,2,Controle - palavras neutras,neutral_word,JANELA,Vermelho,k,k,1,0,1150,stroop-victoria-desktop-v1-baseline,rt-pipeline-v1,ensino-schema-v1,2026-04-03 18:59:00.204994+00
622,1f591a61-13d6-498e-a086-993cecbc88d0,22,2,Controle - palavras neutras,neutral_word,LIVRO,Vermelho,k,k,1,0,842,stroop-victoria-desktop-v1-baseline,rt-pipeline-v1,ensino-schema-v1,2026-04-03 18:59:00.204994+00
623,1f591a61-13d6-498e-a086-993cecbc88d0,23,2,Controle - palavras neutras,neutral_word,MESA,Amarelo,l,l,1,0,964,stroop-victoria-desktop-v1-baseline,rt-pipeline-v1,ensino-schema-v1,2026-04-03 18:59:00.204994+00
624,1f591a61-13d6-498e-a086-993cecbc88d0,24,2,Controle - palavras neutras,neutral_word,MESA,Vermelho,k,,0,1,,stroop-victoria-desktop-v1-baseline,rt-pipeline-v1,ensino-schema-v1,2026-04-03 18:59:00.204994+00
625,1f591a61-13d6-498e-a086-993cecbc88d0,1,3,Interferencia - palavras incongruentes,incongruent_color_word,AZUL,Amarelo,l,l,1,0,1330,stroop-victoria-desktop-v1-baseline,rt-pipeline-v1,ensino-schema-v1,2026-04-03 18:59:00.204994+00
626,1f591a61-13d6-498e-a086-993cecbc88d0,2,3,Interferencia - palavras incongruentes,incongruent_color_word,AMARELO,Vermelho,k,k,1,0,1344,stroop-victoria-desktop-v1-baseline,rt-pipeline-v1,ensino-schema-v1,2026-04-03 18:59:00.204994+00
627,1f591a61-13d6-498e-a086-993cecbc88d0,3,3,Interferencia - palavras incongruentes,incongruent_color_word,AZUL,Vermelho,k,,0,1,,stroop-victoria-desktop-v1-baseline,rt-pipeline-v1,ensino-schema-v1,2026-04-03 18:59:00.204994+00
628,1f591a61-13d6-498e-a086-993cecbc88d0,4,3,Interferencia - palavras incongruentes,incongruent_color_word,AZUL,Amarelo,l,l,1,0,960,stroop-victoria-desktop-v1-baseline,rt-pipeline-v1,ensino-schema-v1,2026-04-03 18:59:00.204994+00
629,1f591a61-13d6-498e-a086-993cecbc88d0,5,3,Interferencia - palavras incongruentes,incongruent_color_word,VERDE,Vermelho,k,k,1,0,1026,stroop-victoria-desktop-v1-baseline,rt-pipeline-v1,ensino-schema-v1,2026-04-03 18:59:00.204994+00
630,1f591a61-13d6-498e-a086-993cecbc88d0,6,3,Interferencia - palavras incongruentes,incongruent_color_word,AMARELO,Vermelho,k,k,1,0,752,stroop-victoria-desktop-v1-baseline,rt-pipeline-v1,ensino-schema-v1,2026-04-03 18:59:00.204994+00
631,1f591a61-13d6-498e-a086-993cecbc88d0,7,3,Interferencia - palavras incongruentes,incongruent_color_word,VERDE,Amarelo,l,l,1,0,725,stroop-victoria-desktop-v1-baseline,rt-pipeline-v1,ensino-schema-v1,2026-04-03 18:59:00.204994+00
632,1f591a61-13d6-498e-a086-993cecbc88d0,8,3,Interferencia - palavras incongruentes,incongruent_color_word,VERDE,Azul,s,s,1,0,1729,stroop-victoria-desktop-v1-baseline,rt-pipeline-v1,ensino-schema-v1,2026-04-03 18:59:00.204994+00
633,1f591a61-13d6-498e-a086-993cecbc88d0,9,3,Interferencia - palavras incongruentes,incongruent_color_word,VERMELHO,Azul,s,s,1,0,1274,stroop-victoria-desktop-v1-baseline,rt-pipeline-v1,ensino-schema-v1,2026-04-03 18:59:00.204994+00
634,1f591a61-13d6-498e-a086-993cecbc88d0,10,3,Interferencia - palavras incongruentes,incongruent_color_word,VERMELHO,Verde,d,d,1,0,1631,stroop-victoria-desktop-v1-baseline,rt-pipeline-v1,ensino-schema-v1,2026-04-03 18:59:00.204994+00
635,1f591a61-13d6-498e-a086-993cecbc88d0,11,3,Interferencia - palavras incongruentes,incongruent_color_word,AMARELO,Verde,d,d,1,0,870,stroop-victoria-desktop-v1-baseline,rt-pipeline-v1,ensino-schema-v1,2026-04-03 18:59:00.204994+00
636,1f591a61-13d6-498e-a086-993cecbc88d0,12,3,Interferencia - palavras incongruentes,incongruent_color_word,AZUL,Verde,d,d,1,0,1485,stroop-victoria-desktop-v1-baseline,rt-pipeline-v1,ensino-schema-v1,2026-04-03 18:59:00.204994+00
637,1f591a61-13d6-498e-a086-993cecbc88d0,13,3,Interferencia - palavras incongruentes,incongruent_color_word,AMARELO,Azul,s,s,1,0,1003,stroop-victoria-desktop-v1-baseline,rt-pipeline-v1,ensino-schema-v1,2026-04-03 18:59:00.204994+00
638,1f591a61-13d6-498e-a086-993cecbc88d0,14,3,Interferencia - palavras incongruentes,incongruent_color_word,VERDE,Vermelho,k,k,1,0,917,stroop-victoria-desktop-v1-baseline,rt-pipeline-v1,ensino-schema-v1,2026-04-03 18:59:00.204994+00
639,1f591a61-13d6-498e-a086-993cecbc88d0,15,3,Interferencia - palavras incongruentes,incongruent_color_word,VERMELHO,Amarelo,l,l,1,0,1084,stroop-victoria-desktop-v1-baseline,rt-pipeline-v1,ensino-schema-v1,2026-04-03 18:59:00.204994+00
640,1f591a61-13d6-498e-a086-993cecbc88d0,16,3,Interferencia - palavras incongruentes,incongruent_color_word,VERDE,Amarelo,l,l,1,0,1463,stroop-victoria-desktop-v1-baseline,rt-pipeline-v1,ensino-schema-v1,2026-04-03 18:59:00.204994+00
641,1f591a61-13d6-498e-a086-993cecbc88d0,17,3,Interferencia - palavras incongruentes,incongruent_color_word,VERDE,Azul,s,s,1,0,1029,stroop-victoria-desktop-v1-baseline,rt-pipeline-v1,ensino-schema-v1,2026-04-03 18:59:00.204994+00
642,1f591a61-13d6-498e-a086-993cecbc88d0,18,3,Interferencia - palavras incongruentes,incongruent_color_word,VERMELHO,Azul,s,s,1,0,889,stroop-victoria-desktop-v1-baseline,rt-pipeline-v1,ensino-schema-v1,2026-04-03 18:59:00.204994+00
643,1f591a61-13d6-498e-a086-993cecbc88d0,19,3,Interferencia - palavras incongruentes,incongruent_color_word,AMARELO,Azul,s,s,1,0,755,stroop-victoria-desktop-v1-baseline,rt-pipeline-v1,ensino-schema-v1,2026-04-03 18:59:00.204994+00
644,1f591a61-13d6-498e-a086-993cecbc88d0,20,3,Interferencia - palavras incongruentes,incongruent_color_word,AMARELO,Verde,d,d,1,0,1626,stroop-victoria-desktop-v1-baseline,rt-pipeline-v1,ensino-schema-v1,2026-04-03 18:59:00.204994+00
645,1f591a61-13d6-498e-a086-993cecbc88d0,21,3,Interferencia - palavras incongruentes,incongruent_color_word,VERMELHO,Verde,d,d,1,0,960,stroop-victoria-desktop-v1-baseline,rt-pipeline-v1,ensino-schema-v1,2026-04-03 18:59:00.204994+00
646,1f591a61-13d6-498e-a086-993cecbc88d0,22,3,Interferencia - palavras incongruentes,incongruent_color_word,AZUL,Vermelho,k,k,1,0,1718,stroop-victoria-desktop-v1-baseline,rt-pipeline-v1,ensino-schema-v1,2026-04-03 18:59:00.204994+00
647,1f591a61-13d6-498e-a086-993cecbc88d0,23,3,Interferencia - palavras incongruentes,incongruent_color_word,AZUL,Verde,d,d,1,0,1215,stroop-victoria-desktop-v1-baseline,rt-pipeline-v1,ensino-schema-v1,2026-04-03 18:59:00.204994+00
648,1f591a61-13d6-498e-a086-993cecbc88d0,24,3,Interferencia - palavras incongruentes,incongruent_color_word,VERMELHO,Amarelo,l,l,1,0,1549,stroop-victoria-desktop-v1-baseline,rt-pipeline-v1,ensino-schema-v1,2026-04-03 18:59:00.204994+00
649,5c10f7d5-bd6d-43e6-8e86-2002237a2189,1,1,Neutro - circulos coloridos,circle,circulo,Verde,d,d,1,0,1603,stroop-victoria-desktop-v1-baseline,rt-pipeline-v1,ensino-schema-v1,2026-04-06 19:56:55.648806+00
650,5c10f7d5-bd6d-43e6-8e86-2002237a2189,2,1,Neutro - circulos coloridos,circle,circulo,Vermelho,k,k,1,0,1449,stroop-victoria-desktop-v1-baseline,rt-pipeline-v1,ensino-schema-v1,2026-04-06 19:56:55.648806+00
651,5c10f7d5-bd6d-43e6-8e86-2002237a2189,3,1,Neutro - circulos coloridos,circle,circulo,Azul,s,s,1,0,875,stroop-victoria-desktop-v1-baseline,rt-pipeline-v1,ensino-schema-v1,2026-04-06 19:56:55.648806+00
652,5c10f7d5-bd6d-43e6-8e86-2002237a2189,4,1,Neutro - circulos coloridos,circle,circulo,Azul,s,s,1,0,786,stroop-victoria-desktop-v1-baseline,rt-pipeline-v1,ensino-schema-v1,2026-04-06 19:56:55.648806+00
653,5c10f7d5-bd6d-43e6-8e86-2002237a2189,5,1,Neutro - circulos coloridos,circle,circulo,Azul,s,s,1,0,1554,stroop-victoria-desktop-v1-baseline,rt-pipeline-v1,ensino-schema-v1,2026-04-06 19:56:55.648806+00
654,5c10f7d5-bd6d-43e6-8e86-2002237a2189,6,1,Neutro - circulos coloridos,circle,circulo,Amarelo,l,l,1,0,929,stroop-victoria-desktop-v1-baseline,rt-pipeline-v1,ensino-schema-v1,2026-04-06 19:56:55.648806+00
655,5c10f7d5-bd6d-43e6-8e86-2002237a2189,7,1,Neutro - circulos coloridos,circle,circulo,Vermelho,k,k,1,0,693,stroop-victoria-desktop-v1-baseline,rt-pipeline-v1,ensino-schema-v1,2026-04-06 19:56:55.648806+00
656,5c10f7d5-bd6d-43e6-8e86-2002237a2189,8,1,Neutro - circulos coloridos,circle,circulo,Amarelo,l,l,1,0,658,stroop-victoria-desktop-v1-baseline,rt-pipeline-v1,ensino-schema-v1,2026-04-06 19:56:55.648806+00
657,5c10f7d5-bd6d-43e6-8e86-2002237a2189,9,1,Neutro - circulos coloridos,circle,circulo,Verde,d,d,1,0,831,stroop-victoria-desktop-v1-baseline,rt-pipeline-v1,ensino-schema-v1,2026-04-06 19:56:55.648806+00
658,5c10f7d5-bd6d-43e6-8e86-2002237a2189,10,1,Neutro - circulos coloridos,circle,circulo,Verde,d,d,1,0,531,stroop-victoria-desktop-v1-baseline,rt-pipeline-v1,ensino-schema-v1,2026-04-06 19:56:55.648806+00
659,5c10f7d5-bd6d-43e6-8e86-2002237a2189,11,1,Neutro - circulos coloridos,circle,circulo,Vermelho,k,k,1,0,865,stroop-victoria-desktop-v1-baseline,rt-pipeline-v1,ensino-schema-v1,2026-04-06 19:56:55.648806+00
660,5c10f7d5-bd6d-43e6-8e86-2002237a2189,12,1,Neutro - circulos coloridos,circle,circulo,Amarelo,l,l,1,0,605,stroop-victoria-desktop-v1-baseline,rt-pipeline-v1,ensino-schema-v1,2026-04-06 19:56:55.648806+00
661,5c10f7d5-bd6d-43e6-8e86-2002237a2189,13,1,Neutro - circulos coloridos,circle,circulo,Azul,s,s,1,0,741,stroop-victoria-desktop-v1-baseline,rt-pipeline-v1,ensino-schema-v1,2026-04-06 19:56:55.648806+00
662,5c10f7d5-bd6d-43e6-8e86-2002237a2189,14,1,Neutro - circulos coloridos,circle,circulo,Amarelo,l,l,1,0,501,stroop-victoria-desktop-v1-baseline,rt-pipeline-v1,ensino-schema-v1,2026-04-06 19:56:55.648806+00
663,5c10f7d5-bd6d-43e6-8e86-2002237a2189,15,1,Neutro - circulos coloridos,circle,circulo,Azul,s,s,1,0,562,stroop-victoria-desktop-v1-baseline,rt-pipeline-v1,ensino-schema-v1,2026-04-06 19:56:55.648806+00
664,5c10f7d5-bd6d-43e6-8e86-2002237a2189,16,1,Neutro - circulos coloridos,circle,circulo,Azul,s,s,1,0,537,stroop-victoria-desktop-v1-baseline,rt-pipeline-v1,ensino-schema-v1,2026-04-06 19:56:55.648806+00
665,5c10f7d5-bd6d-43e6-8e86-2002237a2189,17,1,Neutro - circulos coloridos,circle,circulo,Amarelo,l,l,1,0,564,stroop-victoria-desktop-v1-baseline,rt-pipeline-v1,ensino-schema-v1,2026-04-06 19:56:55.648806+00
666,5c10f7d5-bd6d-43e6-8e86-2002237a2189,18,1,Neutro - circulos coloridos,circle,circulo,Verde,d,d,1,0,590,stroop-victoria-desktop-v1-baseline,rt-pipeline-v1,ensino-schema-v1,2026-04-06 19:56:55.648806+00
667,5c10f7d5-bd6d-43e6-8e86-2002237a2189,19,1,Neutro - circulos coloridos,circle,circulo,Vermelho,k,k,1,0,489,stroop-victoria-desktop-v1-baseline,rt-pipeline-v1,ensino-schema-v1,2026-04-06 19:56:55.648806+00
668,5c10f7d5-bd6d-43e6-8e86-2002237a2189,20,1,Neutro - circulos coloridos,circle,circulo,Verde,d,d,1,0,542,stroop-victoria-desktop-v1-baseline,rt-pipeline-v1,ensino-schema-v1,2026-04-06 19:56:55.648806+00
669,5c10f7d5-bd6d-43e6-8e86-2002237a2189,21,1,Neutro - circulos coloridos,circle,circulo,Verde,d,d,1,0,522,stroop-victoria-desktop-v1-baseline,rt-pipeline-v1,ensino-schema-v1,2026-04-06 19:56:55.648806+00
670,5c10f7d5-bd6d-43e6-8e86-2002237a2189,22,1,Neutro - circulos coloridos,circle,circulo,Amarelo,l,l,1,0,414,stroop-victoria-desktop-v1-baseline,rt-pipeline-v1,ensino-schema-v1,2026-04-06 19:56:55.648806+00
671,5c10f7d5-bd6d-43e6-8e86-2002237a2189,23,1,Neutro - circulos coloridos,circle,circulo,Vermelho,k,k,1,0,475,stroop-victoria-desktop-v1-baseline,rt-pipeline-v1,ensino-schema-v1,2026-04-06 19:56:55.648806+00
672,5c10f7d5-bd6d-43e6-8e86-2002237a2189,24,1,Neutro - circulos coloridos,circle,circulo,Vermelho,k,k,1,0,495,stroop-victoria-desktop-v1-baseline,rt-pipeline-v1,ensino-schema-v1,2026-04-06 19:56:55.648806+00
673,5c10f7d5-bd6d-43e6-8e86-2002237a2189,1,2,Controle - palavras neutras,neutral_word,LIVRO,Amarelo,l,l,1,0,2987,stroop-victoria-desktop-v1-baseline,rt-pipeline-v1,ensino-schema-v1,2026-04-06 19:56:55.648806+00
674,5c10f7d5-bd6d-43e6-8e86-2002237a2189,2,2,Controle - palavras neutras,neutral_word,MESA,Vermelho,k,k,1,0,1640,stroop-victoria-desktop-v1-baseline,rt-pipeline-v1,ensino-schema-v1,2026-04-06 19:56:55.648806+00
675,5c10f7d5-bd6d-43e6-8e86-2002237a2189,3,2,Controle - palavras neutras,neutral_word,TRILHO,Azul,s,s,1,0,895,stroop-victoria-desktop-v1-baseline,rt-pipeline-v1,ensino-schema-v1,2026-04-06 19:56:55.648806+00
676,5c10f7d5-bd6d-43e6-8e86-2002237a2189,4,2,Controle - palavras neutras,neutral_word,CASA,Azul,s,s,1,0,880,stroop-victoria-desktop-v1-baseline,rt-pipeline-v1,ensino-schema-v1,2026-04-06 19:56:55.648806+00
677,5c10f7d5-bd6d-43e6-8e86-2002237a2189,5,2,Controle - palavras neutras,neutral_word,CASA,Vermelho,k,k,1,0,876,stroop-victoria-desktop-v1-baseline,rt-pipeline-v1,ensino-schema-v1,2026-04-06 19:56:55.648806+00
678,5c10f7d5-bd6d-43e6-8e86-2002237a2189,6,2,Controle - palavras neutras,neutral_word,JANELA,Amarelo,l,l,1,0,637,stroop-victoria-desktop-v1-baseline,rt-pipeline-v1,ensino-schema-v1,2026-04-06 19:56:55.648806+00
679,5c10f7d5-bd6d-43e6-8e86-2002237a2189,7,2,Controle - palavras neutras,neutral_word,LIVRO,Vermelho,k,k,1,0,751,stroop-victoria-desktop-v1-baseline,rt-pipeline-v1,ensino-schema-v1,2026-04-06 19:56:55.648806+00
680,5c10f7d5-bd6d-43e6-8e86-2002237a2189,8,2,Controle - palavras neutras,neutral_word,MESA,Verde,d,d,1,0,497,stroop-victoria-desktop-v1-baseline,rt-pipeline-v1,ensino-schema-v1,2026-04-06 19:56:55.648806+00
681,5c10f7d5-bd6d-43e6-8e86-2002237a2189,9,2,Controle - palavras neutras,neutral_word,NUVEM,Verde,d,d,1,0,679,stroop-victoria-desktop-v1-baseline,rt-pipeline-v1,ensino-schema-v1,2026-04-06 19:56:55.648806+00
682,5c10f7d5-bd6d-43e6-8e86-2002237a2189,10,2,Controle - palavras neutras,neutral_word,NUVEM,Azul,s,s,1,0,622,stroop-victoria-desktop-v1-baseline,rt-pipeline-v1,ensino-schema-v1,2026-04-06 19:56:55.648806+00
683,5c10f7d5-bd6d-43e6-8e86-2002237a2189,11,2,Controle - palavras neutras,neutral_word,TRILHO,Verde,d,d,1,0,675,stroop-victoria-desktop-v1-baseline,rt-pipeline-v1,ensino-schema-v1,2026-04-06 19:56:55.648806+00
684,5c10f7d5-bd6d-43e6-8e86-2002237a2189,12,2,Controle - palavras neutras,neutral_word,TRILHO,Amarelo,l,l,1,0,594,stroop-victoria-desktop-v1-baseline,rt-pipeline-v1,ensino-schema-v1,2026-04-06 19:56:55.648806+00
685,5c10f7d5-bd6d-43e6-8e86-2002237a2189,13,2,Controle - palavras neutras,neutral_word,LIVRO,Azul,s,s,1,0,745,stroop-victoria-desktop-v1-baseline,rt-pipeline-v1,ensino-schema-v1,2026-04-06 19:56:55.648806+00
686,5c10f7d5-bd6d-43e6-8e86-2002237a2189,14,2,Controle - palavras neutras,neutral_word,NUVEM,Amarelo,l,l,1,0,450,stroop-victoria-desktop-v1-baseline,rt-pipeline-v1,ensino-schema-v1,2026-04-06 19:56:55.648806+00
687,5c10f7d5-bd6d-43e6-8e86-2002237a2189,15,2,Controle - palavras neutras,neutral_word,JANELA,Azul,s,s,1,0,791,stroop-victoria-desktop-v1-baseline,rt-pipeline-v1,ensino-schema-v1,2026-04-06 19:56:55.648806+00
688,5c10f7d5-bd6d-43e6-8e86-2002237a2189,16,2,Controle - palavras neutras,neutral_word,NUVEM,Vermelho,k,k,1,0,599,stroop-victoria-desktop-v1-baseline,rt-pipeline-v1,ensino-schema-v1,2026-04-06 19:56:55.648806+00
689,5c10f7d5-bd6d-43e6-8e86-2002237a2189,17,2,Controle - palavras neutras,neutral_word,MESA,Amarelo,l,l,1,0,478,stroop-victoria-desktop-v1-baseline,rt-pipeline-v1,ensino-schema-v1,2026-04-06 19:56:55.648806+00
690,5c10f7d5-bd6d-43e6-8e86-2002237a2189,18,2,Controle - palavras neutras,neutral_word,MESA,Azul,s,s,1,0,995,stroop-victoria-desktop-v1-baseline,rt-pipeline-v1,ensino-schema-v1,2026-04-06 19:56:55.648806+00
691,5c10f7d5-bd6d-43e6-8e86-2002237a2189,19,2,Controle - palavras neutras,neutral_word,CASA,Amarelo,l,l,1,0,562,stroop-victoria-desktop-v1-baseline,rt-pipeline-v1,ensino-schema-v1,2026-04-06 19:56:55.648806+00
692,5c10f7d5-bd6d-43e6-8e86-2002237a2189,20,2,Controle - palavras neutras,neutral_word,LIVRO,Verde,d,d,1,0,625,stroop-victoria-desktop-v1-baseline,rt-pipeline-v1,ensino-schema-v1,2026-04-06 19:56:55.648806+00
693,5c10f7d5-bd6d-43e6-8e86-2002237a2189,21,2,Controle - palavras neutras,neutral_word,CASA,Verde,d,d,1,0,494,stroop-victoria-desktop-v1-baseline,rt-pipeline-v1,ensino-schema-v1,2026-04-06 19:56:55.648806+00
694,5c10f7d5-bd6d-43e6-8e86-2002237a2189,22,2,Controle - palavras neutras,neutral_word,JANELA,Verde,d,d,1,0,640,stroop-victoria-desktop-v1-baseline,rt-pipeline-v1,ensino-schema-v1,2026-04-06 19:56:55.648806+00
695,5c10f7d5-bd6d-43e6-8e86-2002237a2189,23,2,Controle - palavras neutras,neutral_word,JANELA,Vermelho,k,k,1,0,535,stroop-victoria-desktop-v1-baseline,rt-pipeline-v1,ensino-schema-v1,2026-04-06 19:56:55.648806+00
696,5c10f7d5-bd6d-43e6-8e86-2002237a2189,24,2,Controle - palavras neutras,neutral_word,TRILHO,Vermelho,k,k,1,0,519,stroop-victoria-desktop-v1-baseline,rt-pipeline-v1,ensino-schema-v1,2026-04-06 19:56:55.648806+00
697,5c10f7d5-bd6d-43e6-8e86-2002237a2189,1,3,Interferencia - palavras incongruentes,incongruent_color_word,VERMELHO,Amarelo,l,,0,1,,stroop-victoria-desktop-v1-baseline,rt-pipeline-v1,ensino-schema-v1,2026-04-06 19:56:55.648806+00
698,5c10f7d5-bd6d-43e6-8e86-2002237a2189,2,3,Interferencia - palavras incongruentes,incongruent_color_word,VERDE,Vermelho,k,k,1,0,2495,stroop-victoria-desktop-v1-baseline,rt-pipeline-v1,ensino-schema-v1,2026-04-06 19:56:55.648806+00
699,5c10f7d5-bd6d-43e6-8e86-2002237a2189,3,3,Interferencia - palavras incongruentes,incongruent_color_word,VERMELHO,Verde,d,d,1,0,1944,stroop-victoria-desktop-v1-baseline,rt-pipeline-v1,ensino-schema-v1,2026-04-06 19:56:55.648806+00
700,5c10f7d5-bd6d-43e6-8e86-2002237a2189,4,3,Interferencia - palavras incongruentes,incongruent_color_word,AZUL,Verde,d,d,1,0,1432,stroop-victoria-desktop-v1-baseline,rt-pipeline-v1,ensino-schema-v1,2026-04-06 19:56:55.648806+00
701,5c10f7d5-bd6d-43e6-8e86-2002237a2189,5,3,Interferencia - palavras incongruentes,incongruent_color_word,AMARELO,Vermelho,k,k,1,0,1301,stroop-victoria-desktop-v1-baseline,rt-pipeline-v1,ensino-schema-v1,2026-04-06 19:56:55.648806+00
702,5c10f7d5-bd6d-43e6-8e86-2002237a2189,6,3,Interferencia - palavras incongruentes,incongruent_color_word,AZUL,Vermelho,k,k,1,0,821,stroop-victoria-desktop-v1-baseline,rt-pipeline-v1,ensino-schema-v1,2026-04-06 19:56:55.648806+00
703,5c10f7d5-bd6d-43e6-8e86-2002237a2189,7,3,Interferencia - palavras incongruentes,incongruent_color_word,VERMELHO,Azul,s,s,1,0,893,stroop-victoria-desktop-v1-baseline,rt-pipeline-v1,ensino-schema-v1,2026-04-06 19:56:55.648806+00
704,5c10f7d5-bd6d-43e6-8e86-2002237a2189,8,3,Interferencia - palavras incongruentes,incongruent_color_word,AMARELO,Azul,s,s,1,0,1397,stroop-victoria-desktop-v1-baseline,rt-pipeline-v1,ensino-schema-v1,2026-04-06 19:56:55.648806+00
705,5c10f7d5-bd6d-43e6-8e86-2002237a2189,9,3,Interferencia - palavras incongruentes,incongruent_color_word,VERMELHO,Azul,s,s,1,0,950,stroop-victoria-desktop-v1-baseline,rt-pipeline-v1,ensino-schema-v1,2026-04-06 19:56:55.648806+00
706,5c10f7d5-bd6d-43e6-8e86-2002237a2189,10,3,Interferencia - palavras incongruentes,incongruent_color_word,AZUL,Amarelo,l,l,1,0,635,stroop-victoria-desktop-v1-baseline,rt-pipeline-v1,ensino-schema-v1,2026-04-06 19:56:55.648806+00
707,5c10f7d5-bd6d-43e6-8e86-2002237a2189,11,3,Interferencia - palavras incongruentes,incongruent_color_word,AMARELO,Azul,s,s,1,0,782,stroop-victoria-desktop-v1-baseline,rt-pipeline-v1,ensino-schema-v1,2026-04-06 19:56:55.648806+00
708,5c10f7d5-bd6d-43e6-8e86-2002237a2189,12,3,Interferencia - palavras incongruentes,incongruent_color_word,AZUL,Vermelho,k,k,1,0,1210,stroop-victoria-desktop-v1-baseline,rt-pipeline-v1,ensino-schema-v1,2026-04-06 19:56:55.648806+00
709,5c10f7d5-bd6d-43e6-8e86-2002237a2189,13,3,Interferencia - palavras incongruentes,incongruent_color_word,AZUL,Amarelo,l,l,1,0,1169,stroop-victoria-desktop-v1-baseline,rt-pipeline-v1,ensino-schema-v1,2026-04-06 19:56:55.648806+00
710,5c10f7d5-bd6d-43e6-8e86-2002237a2189,14,3,Interferencia - palavras incongruentes,incongruent_color_word,AZUL,Verde,d,d,1,0,1061,stroop-victoria-desktop-v1-baseline,rt-pipeline-v1,ensino-schema-v1,2026-04-06 19:56:55.648806+00
711,5c10f7d5-bd6d-43e6-8e86-2002237a2189,15,3,Interferencia - palavras incongruentes,incongruent_color_word,VERDE,Amarelo,l,l,1,0,651,stroop-victoria-desktop-v1-baseline,rt-pipeline-v1,ensino-schema-v1,2026-04-06 19:56:55.648806+00
712,5c10f7d5-bd6d-43e6-8e86-2002237a2189,16,3,Interferencia - palavras incongruentes,incongruent_color_word,AMARELO,Verde,d,d,1,0,737,stroop-victoria-desktop-v1-baseline,rt-pipeline-v1,ensino-schema-v1,2026-04-06 19:56:55.648806+00
713,5c10f7d5-bd6d-43e6-8e86-2002237a2189,17,3,Interferencia - palavras incongruentes,incongruent_color_word,VERDE,Azul,s,s,1,0,1063,stroop-victoria-desktop-v1-baseline,rt-pipeline-v1,ensino-schema-v1,2026-04-06 19:56:55.648806+00
714,5c10f7d5-bd6d-43e6-8e86-2002237a2189,18,3,Interferencia - palavras incongruentes,incongruent_color_word,VERDE,Amarelo,l,l,1,0,609,stroop-victoria-desktop-v1-baseline,rt-pipeline-v1,ensino-schema-v1,2026-04-06 19:56:55.648806+00
715,5c10f7d5-bd6d-43e6-8e86-2002237a2189,19,3,Interferencia - palavras incongruentes,incongruent_color_word,VERMELHO,Amarelo,l,l,1,0,1218,stroop-victoria-desktop-v1-baseline,rt-pipeline-v1,ensino-schema-v1,2026-04-06 19:56:55.648806+00
716,5c10f7d5-bd6d-43e6-8e86-2002237a2189,20,3,Interferencia - palavras incongruentes,incongruent_color_word,VERDE,Vermelho,k,k,1,0,585,stroop-victoria-desktop-v1-baseline,rt-pipeline-v1,ensino-schema-v1,2026-04-06 19:56:55.648806+00
717,5c10f7d5-bd6d-43e6-8e86-2002237a2189,21,3,Interferencia - palavras incongruentes,incongruent_color_word,AMARELO,Vermelho,k,k,1,0,444,stroop-victoria-desktop-v1-baseline,rt-pipeline-v1,ensino-schema-v1,2026-04-06 19:56:55.648806+00
718,5c10f7d5-bd6d-43e6-8e86-2002237a2189,22,3,Interferencia - palavras incongruentes,incongruent_color_word,VERDE,Azul,s,s,1,0,688,stroop-victoria-desktop-v1-baseline,rt-pipeline-v1,ensino-schema-v1,2026-04-06 19:56:55.648806+00
719,5c10f7d5-bd6d-43e6-8e86-2002237a2189,23,3,Interferencia - palavras incongruentes,incongruent_color_word,AMARELO,Verde,d,d,1,0,648,stroop-victoria-desktop-v1-baseline,rt-pipeline-v1,ensino-schema-v1,2026-04-06 19:56:55.648806+00
720,5c10f7d5-bd6d-43e6-8e86-2002237a2189,24,3,Interferencia - palavras incongruentes,incongruent_color_word,VERMELHO,Verde,d,d,1,0,470,stroop-victoria-desktop-v1-baseline,rt-pipeline-v1,ensino-schema-v1,2026-04-06 19:56:55.648806+00
721,195e86b5-a7f9-4d71-bff2-44cf08622b63,1,1,Neutro - circulos coloridos,circle,circulo,Vermelho,k,k,1,0,2485,stroop-victoria-desktop-v1-baseline,rt-pipeline-v1,ensino-schema-v1,2026-04-07 16:16:25.500079+00
722,195e86b5-a7f9-4d71-bff2-44cf08622b63,2,1,Neutro - circulos coloridos,circle,circulo,Verde,d,d,1,0,1504,stroop-victoria-desktop-v1-baseline,rt-pipeline-v1,ensino-schema-v1,2026-04-07 16:16:25.500079+00
723,195e86b5-a7f9-4d71-bff2-44cf08622b63,3,1,Neutro - circulos coloridos,circle,circulo,Vermelho,k,k,1,0,1454,stroop-victoria-desktop-v1-baseline,rt-pipeline-v1,ensino-schema-v1,2026-04-07 16:16:25.500079+00
724,195e86b5-a7f9-4d71-bff2-44cf08622b63,4,1,Neutro - circulos coloridos,circle,circulo,Vermelho,k,k,1,0,1217,stroop-victoria-desktop-v1-baseline,rt-pipeline-v1,ensino-schema-v1,2026-04-07 16:16:25.500079+00
725,195e86b5-a7f9-4d71-bff2-44cf08622b63,5,1,Neutro - circulos coloridos,circle,circulo,Amarelo,l,l,1,0,984,stroop-victoria-desktop-v1-baseline,rt-pipeline-v1,ensino-schema-v1,2026-04-07 16:16:25.500079+00
726,195e86b5-a7f9-4d71-bff2-44cf08622b63,6,1,Neutro - circulos coloridos,circle,circulo,Amarelo,l,l,1,0,1061,stroop-victoria-desktop-v1-baseline,rt-pipeline-v1,ensino-schema-v1,2026-04-07 16:16:25.500079+00
727,195e86b5-a7f9-4d71-bff2-44cf08622b63,7,1,Neutro - circulos coloridos,circle,circulo,Azul,s,s,1,0,933,stroop-victoria-desktop-v1-baseline,rt-pipeline-v1,ensino-schema-v1,2026-04-07 16:16:25.500079+00
728,195e86b5-a7f9-4d71-bff2-44cf08622b63,8,1,Neutro - circulos coloridos,circle,circulo,Verde,d,d,1,0,895,stroop-victoria-desktop-v1-baseline,rt-pipeline-v1,ensino-schema-v1,2026-04-07 16:16:25.500079+00
729,195e86b5-a7f9-4d71-bff2-44cf08622b63,9,1,Neutro - circulos coloridos,circle,circulo,Verde,d,d,1,0,1168,stroop-victoria-desktop-v1-baseline,rt-pipeline-v1,ensino-schema-v1,2026-04-07 16:16:25.500079+00
730,195e86b5-a7f9-4d71-bff2-44cf08622b63,10,1,Neutro - circulos coloridos,circle,circulo,Vermelho,k,k,1,0,915,stroop-victoria-desktop-v1-baseline,rt-pipeline-v1,ensino-schema-v1,2026-04-07 16:16:25.500079+00
731,195e86b5-a7f9-4d71-bff2-44cf08622b63,11,1,Neutro - circulos coloridos,circle,circulo,Amarelo,l,l,1,0,911,stroop-victoria-desktop-v1-baseline,rt-pipeline-v1,ensino-schema-v1,2026-04-07 16:16:25.500079+00
732,195e86b5-a7f9-4d71-bff2-44cf08622b63,12,1,Neutro - circulos coloridos,circle,circulo,Vermelho,k,k,1,0,974,stroop-victoria-desktop-v1-baseline,rt-pipeline-v1,ensino-schema-v1,2026-04-07 16:16:25.500079+00
733,195e86b5-a7f9-4d71-bff2-44cf08622b63,13,1,Neutro - circulos coloridos,circle,circulo,Verde,d,d,1,0,1006,stroop-victoria-desktop-v1-baseline,rt-pipeline-v1,ensino-schema-v1,2026-04-07 16:16:25.500079+00
734,195e86b5-a7f9-4d71-bff2-44cf08622b63,14,1,Neutro - circulos coloridos,circle,circulo,Azul,s,s,1,0,889,stroop-victoria-desktop-v1-baseline,rt-pipeline-v1,ensino-schema-v1,2026-04-07 16:16:25.500079+00
735,195e86b5-a7f9-4d71-bff2-44cf08622b63,15,1,Neutro - circulos coloridos,circle,circulo,Amarelo,l,l,1,0,779,stroop-victoria-desktop-v1-baseline,rt-pipeline-v1,ensino-schema-v1,2026-04-07 16:16:25.500079+00
736,195e86b5-a7f9-4d71-bff2-44cf08622b63,16,1,Neutro - circulos coloridos,circle,circulo,Amarelo,l,l,1,0,862,stroop-victoria-desktop-v1-baseline,rt-pipeline-v1,ensino-schema-v1,2026-04-07 16:16:25.500079+00
737,195e86b5-a7f9-4d71-bff2-44cf08622b63,17,1,Neutro - circulos coloridos,circle,circulo,Azul,s,s,1,0,1041,stroop-victoria-desktop-v1-baseline,rt-pipeline-v1,ensino-schema-v1,2026-04-07 16:16:25.500079+00
738,195e86b5-a7f9-4d71-bff2-44cf08622b63,18,1,Neutro - circulos coloridos,circle,circulo,Amarelo,l,l,1,0,1142,stroop-victoria-desktop-v1-baseline,rt-pipeline-v1,ensino-schema-v1,2026-04-07 16:16:25.500079+00
739,195e86b5-a7f9-4d71-bff2-44cf08622b63,19,1,Neutro - circulos coloridos,circle,circulo,Azul,s,s,1,0,882,stroop-victoria-desktop-v1-baseline,rt-pipeline-v1,ensino-schema-v1,2026-04-07 16:16:25.500079+00
740,195e86b5-a7f9-4d71-bff2-44cf08622b63,20,1,Neutro - circulos coloridos,circle,circulo,Azul,s,s,1,0,774,stroop-victoria-desktop-v1-baseline,rt-pipeline-v1,ensino-schema-v1,2026-04-07 16:16:25.500079+00
741,195e86b5-a7f9-4d71-bff2-44cf08622b63,21,1,Neutro - circulos coloridos,circle,circulo,Verde,d,d,1,0,767,stroop-victoria-desktop-v1-baseline,rt-pipeline-v1,ensino-schema-v1,2026-04-07 16:16:25.500079+00
742,195e86b5-a7f9-4d71-bff2-44cf08622b63,22,1,Neutro - circulos coloridos,circle,circulo,Vermelho,k,k,1,0,739,stroop-victoria-desktop-v1-baseline,rt-pipeline-v1,ensino-schema-v1,2026-04-07 16:16:25.500079+00
743,195e86b5-a7f9-4d71-bff2-44cf08622b63,23,1,Neutro - circulos coloridos,circle,circulo,Azul,s,s,1,0,902,stroop-victoria-desktop-v1-baseline,rt-pipeline-v1,ensino-schema-v1,2026-04-07 16:16:25.500079+00
744,195e86b5-a7f9-4d71-bff2-44cf08622b63,24,1,Neutro - circulos coloridos,circle,circulo,Verde,d,d,1,0,653,stroop-victoria-desktop-v1-baseline,rt-pipeline-v1,ensino-schema-v1,2026-04-07 16:16:25.500079+00
745,195e86b5-a7f9-4d71-bff2-44cf08622b63,1,2,Controle - palavras neutras,neutral_word,TRILHO,Verde,d,d,1,0,2325,stroop-victoria-desktop-v1-baseline,rt-pipeline-v1,ensino-schema-v1,2026-04-07 16:16:25.500079+00
746,195e86b5-a7f9-4d71-bff2-44cf08622b63,2,2,Controle - palavras neutras,neutral_word,TRILHO,Azul,s,s,1,0,743,stroop-victoria-desktop-v1-baseline,rt-pipeline-v1,ensino-schema-v1,2026-04-07 16:16:25.500079+00
747,195e86b5-a7f9-4d71-bff2-44cf08622b63,3,2,Controle - palavras neutras,neutral_word,MESA,Amarelo,l,l,1,0,818,stroop-victoria-desktop-v1-baseline,rt-pipeline-v1,ensino-schema-v1,2026-04-07 16:16:25.500079+00
748,195e86b5-a7f9-4d71-bff2-44cf08622b63,4,2,Controle - palavras neutras,neutral_word,MESA,Vermelho,k,k,1,0,1536,stroop-victoria-desktop-v1-baseline,rt-pipeline-v1,ensino-schema-v1,2026-04-07 16:16:25.500079+00
749,195e86b5-a7f9-4d71-bff2-44cf08622b63,5,2,Controle - palavras neutras,neutral_word,JANELA,Amarelo,l,l,1,0,697,stroop-victoria-desktop-v1-baseline,rt-pipeline-v1,ensino-schema-v1,2026-04-07 16:16:25.500079+00
750,195e86b5-a7f9-4d71-bff2-44cf08622b63,6,2,Controle - palavras neutras,neutral_word,NUVEM,Verde,d,d,1,0,759,stroop-victoria-desktop-v1-baseline,rt-pipeline-v1,ensino-schema-v1,2026-04-07 16:16:25.500079+00
751,195e86b5-a7f9-4d71-bff2-44cf08622b63,7,2,Controle - palavras neutras,neutral_word,JANELA,Azul,s,s,1,0,585,stroop-victoria-desktop-v1-baseline,rt-pipeline-v1,ensino-schema-v1,2026-04-07 16:16:25.500079+00
752,195e86b5-a7f9-4d71-bff2-44cf08622b63,8,2,Controle - palavras neutras,neutral_word,LIVRO,Verde,d,d,1,0,701,stroop-victoria-desktop-v1-baseline,rt-pipeline-v1,ensino-schema-v1,2026-04-07 16:16:25.500079+00
753,195e86b5-a7f9-4d71-bff2-44cf08622b63,9,2,Controle - palavras neutras,neutral_word,TRILHO,Amarelo,l,l,1,0,924,stroop-victoria-desktop-v1-baseline,rt-pipeline-v1,ensino-schema-v1,2026-04-07 16:16:25.500079+00
754,195e86b5-a7f9-4d71-bff2-44cf08622b63,10,2,Controle - palavras neutras,neutral_word,MESA,Verde,d,d,1,0,865,stroop-victoria-desktop-v1-baseline,rt-pipeline-v1,ensino-schema-v1,2026-04-07 16:16:25.500079+00
755,195e86b5-a7f9-4d71-bff2-44cf08622b63,11,2,Controle - palavras neutras,neutral_word,NUVEM,Azul,s,s,1,0,827,stroop-victoria-desktop-v1-baseline,rt-pipeline-v1,ensino-schema-v1,2026-04-07 16:16:25.500079+00
756,195e86b5-a7f9-4d71-bff2-44cf08622b63,12,2,Controle - palavras neutras,neutral_word,CASA,Vermelho,k,k,1,0,718,stroop-victoria-desktop-v1-baseline,rt-pipeline-v1,ensino-schema-v1,2026-04-07 16:16:25.500079+00
757,195e86b5-a7f9-4d71-bff2-44cf08622b63,13,2,Controle - palavras neutras,neutral_word,MESA,Azul,s,s,1,0,850,stroop-victoria-desktop-v1-baseline,rt-pipeline-v1,ensino-schema-v1,2026-04-07 16:16:25.500079+00
758,195e86b5-a7f9-4d71-bff2-44cf08622b63,14,2,Controle - palavras neutras,neutral_word,JANELA,Vermelho,k,k,1,0,842,stroop-victoria-desktop-v1-baseline,rt-pipeline-v1,ensino-schema-v1,2026-04-07 16:16:25.500079+00
759,195e86b5-a7f9-4d71-bff2-44cf08622b63,15,2,Controle - palavras neutras,neutral_word,LIVRO,Vermelho,k,k,1,0,757,stroop-victoria-desktop-v1-baseline,rt-pipeline-v1,ensino-schema-v1,2026-04-07 16:16:25.500079+00
760,195e86b5-a7f9-4d71-bff2-44cf08622b63,16,2,Controle - palavras neutras,neutral_word,CASA,Verde,d,d,1,0,765,stroop-victoria-desktop-v1-baseline,rt-pipeline-v1,ensino-schema-v1,2026-04-07 16:16:25.500079+00
761,195e86b5-a7f9-4d71-bff2-44cf08622b63,17,2,Controle - palavras neutras,neutral_word,CASA,Amarelo,l,l,1,0,639,stroop-victoria-desktop-v1-baseline,rt-pipeline-v1,ensino-schema-v1,2026-04-07 16:16:25.500079+00
762,195e86b5-a7f9-4d71-bff2-44cf08622b63,18,2,Controle - palavras neutras,neutral_word,CASA,Azul,s,s,1,0,733,stroop-victoria-desktop-v1-baseline,rt-pipeline-v1,ensino-schema-v1,2026-04-07 16:16:25.500079+00
763,195e86b5-a7f9-4d71-bff2-44cf08622b63,19,2,Controle - palavras neutras,neutral_word,LIVRO,Amarelo,l,l,1,0,753,stroop-victoria-desktop-v1-baseline,rt-pipeline-v1,ensino-schema-v1,2026-04-07 16:16:25.500079+00
764,195e86b5-a7f9-4d71-bff2-44cf08622b63,20,2,Controle - palavras neutras,neutral_word,LIVRO,Azul,s,s,1,0,691,stroop-victoria-desktop-v1-baseline,rt-pipeline-v1,ensino-schema-v1,2026-04-07 16:16:25.500079+00
765,195e86b5-a7f9-4d71-bff2-44cf08622b63,21,2,Controle - palavras neutras,neutral_word,NUVEM,Amarelo,l,l,1,0,1444,stroop-victoria-desktop-v1-baseline,rt-pipeline-v1,ensino-schema-v1,2026-04-07 16:16:25.500079+00
766,195e86b5-a7f9-4d71-bff2-44cf08622b63,22,2,Controle - palavras neutras,neutral_word,NUVEM,Vermelho,k,k,1,0,792,stroop-victoria-desktop-v1-baseline,rt-pipeline-v1,ensino-schema-v1,2026-04-07 16:16:25.500079+00
767,195e86b5-a7f9-4d71-bff2-44cf08622b63,23,2,Controle - palavras neutras,neutral_word,JANELA,Verde,d,d,1,0,912,stroop-victoria-desktop-v1-baseline,rt-pipeline-v1,ensino-schema-v1,2026-04-07 16:16:25.500079+00
768,195e86b5-a7f9-4d71-bff2-44cf08622b63,24,2,Controle - palavras neutras,neutral_word,TRILHO,Vermelho,k,k,1,0,783,stroop-victoria-desktop-v1-baseline,rt-pipeline-v1,ensino-schema-v1,2026-04-07 16:16:25.500079+00
769,195e86b5-a7f9-4d71-bff2-44cf08622b63,1,3,Interferencia - palavras incongruentes,incongruent_color_word,VERMELHO,Verde,d,d,1,0,2644,stroop-victoria-desktop-v1-baseline,rt-pipeline-v1,ensino-schema-v1,2026-04-07 16:16:25.500079+00
770,195e86b5-a7f9-4d71-bff2-44cf08622b63,2,3,Interferencia - palavras incongruentes,incongruent_color_word,VERDE,Amarelo,l,l,1,0,733,stroop-victoria-desktop-v1-baseline,rt-pipeline-v1,ensino-schema-v1,2026-04-07 16:16:25.500079+00
771,195e86b5-a7f9-4d71-bff2-44cf08622b63,3,3,Interferencia - palavras incongruentes,incongruent_color_word,AZUL,Amarelo,l,l,1,0,732,stroop-victoria-desktop-v1-baseline,rt-pipeline-v1,ensino-schema-v1,2026-04-07 16:16:25.500079+00
772,195e86b5-a7f9-4d71-bff2-44cf08622b63,4,3,Interferencia - palavras incongruentes,incongruent_color_word,AMARELO,Verde,d,d,1,0,1078,stroop-victoria-desktop-v1-baseline,rt-pipeline-v1,ensino-schema-v1,2026-04-07 16:16:25.500079+00
773,195e86b5-a7f9-4d71-bff2-44cf08622b63,5,3,Interferencia - palavras incongruentes,incongruent_color_word,AZUL,Verde,d,d,1,0,947,stroop-victoria-desktop-v1-baseline,rt-pipeline-v1,ensino-schema-v1,2026-04-07 16:16:25.500079+00
774,195e86b5-a7f9-4d71-bff2-44cf08622b63,6,3,Interferencia - palavras incongruentes,incongruent_color_word,AZUL,Verde,d,d,1,0,1267,stroop-victoria-desktop-v1-baseline,rt-pipeline-v1,ensino-schema-v1,2026-04-07 16:16:25.500079+00
775,195e86b5-a7f9-4d71-bff2-44cf08622b63,7,3,Interferencia - palavras incongruentes,incongruent_color_word,VERMELHO,Azul,s,s,1,0,1131,stroop-victoria-desktop-v1-baseline,rt-pipeline-v1,ensino-schema-v1,2026-04-07 16:16:25.500079+00
776,195e86b5-a7f9-4d71-bff2-44cf08622b63,8,3,Interferencia - palavras incongruentes,incongruent_color_word,AZUL,Vermelho,k,k,1,0,617,stroop-victoria-desktop-v1-baseline,rt-pipeline-v1,ensino-schema-v1,2026-04-07 16:16:25.500079+00
777,195e86b5-a7f9-4d71-bff2-44cf08622b63,9,3,Interferencia - palavras incongruentes,incongruent_color_word,AZUL,Vermelho,k,k,1,0,625,stroop-victoria-desktop-v1-baseline,rt-pipeline-v1,ensino-schema-v1,2026-04-07 16:16:25.500079+00
778,195e86b5-a7f9-4d71-bff2-44cf08622b63,10,3,Interferencia - palavras incongruentes,incongruent_color_word,VERDE,Azul,s,s,1,0,817,stroop-victoria-desktop-v1-baseline,rt-pipeline-v1,ensino-schema-v1,2026-04-07 16:16:25.500079+00
779,195e86b5-a7f9-4d71-bff2-44cf08622b63,11,3,Interferencia - palavras incongruentes,incongruent_color_word,VERMELHO,Azul,s,s,1,0,828,stroop-victoria-desktop-v1-baseline,rt-pipeline-v1,ensino-schema-v1,2026-04-07 16:16:25.500079+00
780,195e86b5-a7f9-4d71-bff2-44cf08622b63,12,3,Interferencia - palavras incongruentes,incongruent_color_word,AMARELO,Vermelho,k,k,1,0,792,stroop-victoria-desktop-v1-baseline,rt-pipeline-v1,ensino-schema-v1,2026-04-07 16:16:25.500079+00
781,195e86b5-a7f9-4d71-bff2-44cf08622b63,13,3,Interferencia - palavras incongruentes,incongruent_color_word,VERMELHO,Verde,d,d,1,0,741,stroop-victoria-desktop-v1-baseline,rt-pipeline-v1,ensino-schema-v1,2026-04-07 16:16:25.500079+00
782,195e86b5-a7f9-4d71-bff2-44cf08622b63,14,3,Interferencia - palavras incongruentes,incongruent_color_word,AMARELO,Verde,d,d,1,0,677,stroop-victoria-desktop-v1-baseline,rt-pipeline-v1,ensino-schema-v1,2026-04-07 16:16:25.500079+00
783,195e86b5-a7f9-4d71-bff2-44cf08622b63,15,3,Interferencia - palavras incongruentes,incongruent_color_word,AZUL,Amarelo,l,l,1,0,722,stroop-victoria-desktop-v1-baseline,rt-pipeline-v1,ensino-schema-v1,2026-04-07 16:16:25.500079+00
784,195e86b5-a7f9-4d71-bff2-44cf08622b63,16,3,Interferencia - palavras incongruentes,incongruent_color_word,VERDE,Vermelho,k,k,1,0,907,stroop-victoria-desktop-v1-baseline,rt-pipeline-v1,ensino-schema-v1,2026-04-07 16:16:25.500079+00
785,195e86b5-a7f9-4d71-bff2-44cf08622b63,17,3,Interferencia - palavras incongruentes,incongruent_color_word,VERMELHO,Amarelo,l,l,1,0,716,stroop-victoria-desktop-v1-baseline,rt-pipeline-v1,ensino-schema-v1,2026-04-07 16:16:25.500079+00
786,195e86b5-a7f9-4d71-bff2-44cf08622b63,18,3,Interferencia - palavras incongruentes,incongruent_color_word,VERMELHO,Amarelo,l,l,1,0,590,stroop-victoria-desktop-v1-baseline,rt-pipeline-v1,ensino-schema-v1,2026-04-07 16:16:25.500079+00
787,195e86b5-a7f9-4d71-bff2-44cf08622b63,19,3,Interferencia - palavras incongruentes,incongruent_color_word,AMARELO,Vermelho,k,k,1,0,683,stroop-victoria-desktop-v1-baseline,rt-pipeline-v1,ensino-schema-v1,2026-04-07 16:16:25.500079+00
788,195e86b5-a7f9-4d71-bff2-44cf08622b63,20,3,Interferencia - palavras incongruentes,incongruent_color_word,AMARELO,Azul,s,s,1,0,714,stroop-victoria-desktop-v1-baseline,rt-pipeline-v1,ensino-schema-v1,2026-04-07 16:16:25.500079+00
789,195e86b5-a7f9-4d71-bff2-44cf08622b63,21,3,Interferencia - palavras incongruentes,incongruent_color_word,AMARELO,Azul,s,s,1,0,581,stroop-victoria-desktop-v1-baseline,rt-pipeline-v1,ensino-schema-v1,2026-04-07 16:16:25.500079+00
790,195e86b5-a7f9-4d71-bff2-44cf08622b63,22,3,Interferencia - palavras incongruentes,incongruent_color_word,VERDE,Azul,s,s,1,0,658,stroop-victoria-desktop-v1-baseline,rt-pipeline-v1,ensino-schema-v1,2026-04-07 16:16:25.500079+00
791,195e86b5-a7f9-4d71-bff2-44cf08622b63,23,3,Interferencia - palavras incongruentes,incongruent_color_word,VERDE,Amarelo,l,l,1,0,1171,stroop-victoria-desktop-v1-baseline,rt-pipeline-v1,ensino-schema-v1,2026-04-07 16:16:25.500079+00
792,195e86b5-a7f9-4d71-bff2-44cf08622b63,24,3,Interferencia - palavras incongruentes,incongruent_color_word,VERDE,Vermelho,k,k,1,0,743,stroop-victoria-desktop-v1-baseline,rt-pipeline-v1,ensino-schema-v1,2026-04-07 16:16:25.500079+00
793,acc8efcf-ec91-4e7b-a049-f0636b6dcaca,1,1,Neutro - circulos coloridos,circle,circulo,Vermelho,k,,0,1,,stroop-victoria-desktop-v1-baseline,rt-pipeline-v1,ensino-schema-v1,2026-04-11 20:14:54.236003+00
794,acc8efcf-ec91-4e7b-a049-f0636b6dcaca,2,1,Neutro - circulos coloridos,circle,circulo,Verde,d,,0,1,,stroop-victoria-desktop-v1-baseline,rt-pipeline-v1,ensino-schema-v1,2026-04-11 20:14:54.236003+00
795,acc8efcf-ec91-4e7b-a049-f0636b6dcaca,3,1,Neutro - circulos coloridos,circle,circulo,Verde,d,,0,1,,stroop-victoria-desktop-v1-baseline,rt-pipeline-v1,ensino-schema-v1,2026-04-11 20:14:54.236003+00
796,acc8efcf-ec91-4e7b-a049-f0636b6dcaca,4,1,Neutro - circulos coloridos,circle,circulo,Vermelho,k,,0,1,,stroop-victoria-desktop-v1-baseline,rt-pipeline-v1,ensino-schema-v1,2026-04-11 20:14:54.236003+00
797,acc8efcf-ec91-4e7b-a049-f0636b6dcaca,5,1,Neutro - circulos coloridos,circle,circulo,Azul,s,k,0,0,317,stroop-victoria-desktop-v1-baseline,rt-pipeline-v1,ensino-schema-v1,2026-04-11 20:14:54.236003+00
798,acc8efcf-ec91-4e7b-a049-f0636b6dcaca,6,1,Neutro - circulos coloridos,circle,circulo,Verde,d,k,0,0,2354,stroop-victoria-desktop-v1-baseline,rt-pipeline-v1,ensino-schema-v1,2026-04-11 20:14:54.236003+00
799,acc8efcf-ec91-4e7b-a049-f0636b6dcaca,7,1,Neutro - circulos coloridos,circle,circulo,Azul,s,s,1,0,1694,stroop-victoria-desktop-v1-baseline,rt-pipeline-v1,ensino-schema-v1,2026-04-11 20:14:54.236003+00
800,acc8efcf-ec91-4e7b-a049-f0636b6dcaca,8,1,Neutro - circulos coloridos,circle,circulo,Amarelo,l,l,1,0,2096,stroop-victoria-desktop-v1-baseline,rt-pipeline-v1,ensino-schema-v1,2026-04-11 20:14:54.236003+00
801,acc8efcf-ec91-4e7b-a049-f0636b6dcaca,9,1,Neutro - circulos coloridos,circle,circulo,Vermelho,k,k,1,0,1527,stroop-victoria-desktop-v1-baseline,rt-pipeline-v1,ensino-schema-v1,2026-04-11 20:14:54.236003+00
802,acc8efcf-ec91-4e7b-a049-f0636b6dcaca,10,1,Neutro - circulos coloridos,circle,circulo,Azul,s,s,1,0,1645,stroop-victoria-desktop-v1-baseline,rt-pipeline-v1,ensino-schema-v1,2026-04-11 20:14:54.236003+00
803,acc8efcf-ec91-4e7b-a049-f0636b6dcaca,11,1,Neutro - circulos coloridos,circle,circulo,Verde,d,d,1,0,1403,stroop-victoria-desktop-v1-baseline,rt-pipeline-v1,ensino-schema-v1,2026-04-11 20:14:54.236003+00
804,acc8efcf-ec91-4e7b-a049-f0636b6dcaca,12,1,Neutro - circulos coloridos,circle,circulo,Amarelo,l,l,1,0,1522,stroop-victoria-desktop-v1-baseline,rt-pipeline-v1,ensino-schema-v1,2026-04-11 20:14:54.236003+00
805,acc8efcf-ec91-4e7b-a049-f0636b6dcaca,13,1,Neutro - circulos coloridos,circle,circulo,Azul,s,k,0,0,1240,stroop-victoria-desktop-v1-baseline,rt-pipeline-v1,ensino-schema-v1,2026-04-11 20:14:54.236003+00
806,acc8efcf-ec91-4e7b-a049-f0636b6dcaca,14,1,Neutro - circulos coloridos,circle,circulo,Vermelho,k,k,1,0,1619,stroop-victoria-desktop-v1-baseline,rt-pipeline-v1,ensino-schema-v1,2026-04-11 20:14:54.236003+00
807,acc8efcf-ec91-4e7b-a049-f0636b6dcaca,15,1,Neutro - circulos coloridos,circle,circulo,Amarelo,l,l,1,0,1335,stroop-victoria-desktop-v1-baseline,rt-pipeline-v1,ensino-schema-v1,2026-04-11 20:14:54.236003+00
808,acc8efcf-ec91-4e7b-a049-f0636b6dcaca,16,1,Neutro - circulos coloridos,circle,circulo,Amarelo,l,l,1,0,1341,stroop-victoria-desktop-v1-baseline,rt-pipeline-v1,ensino-schema-v1,2026-04-11 20:14:54.236003+00
809,acc8efcf-ec91-4e7b-a049-f0636b6dcaca,17,1,Neutro - circulos coloridos,circle,circulo,Amarelo,l,l,1,0,933,stroop-victoria-desktop-v1-baseline,rt-pipeline-v1,ensino-schema-v1,2026-04-11 20:14:54.236003+00
810,acc8efcf-ec91-4e7b-a049-f0636b6dcaca,18,1,Neutro - circulos coloridos,circle,circulo,Azul,s,s,1,0,1950,stroop-victoria-desktop-v1-baseline,rt-pipeline-v1,ensino-schema-v1,2026-04-11 20:14:54.236003+00
811,acc8efcf-ec91-4e7b-a049-f0636b6dcaca,19,1,Neutro - circulos coloridos,circle,circulo,Vermelho,k,k,1,0,2100,stroop-victoria-desktop-v1-baseline,rt-pipeline-v1,ensino-schema-v1,2026-04-11 20:14:54.236003+00
812,acc8efcf-ec91-4e7b-a049-f0636b6dcaca,20,1,Neutro - circulos coloridos,circle,circulo,Verde,d,d,1,0,1104,stroop-victoria-desktop-v1-baseline,rt-pipeline-v1,ensino-schema-v1,2026-04-11 20:14:54.236003+00
813,acc8efcf-ec91-4e7b-a049-f0636b6dcaca,21,1,Neutro - circulos coloridos,circle,circulo,Vermelho,k,k,1,0,1327,stroop-victoria-desktop-v1-baseline,rt-pipeline-v1,ensino-schema-v1,2026-04-11 20:14:54.236003+00
814,acc8efcf-ec91-4e7b-a049-f0636b6dcaca,22,1,Neutro - circulos coloridos,circle,circulo,Verde,d,d,1,0,1201,stroop-victoria-desktop-v1-baseline,rt-pipeline-v1,ensino-schema-v1,2026-04-11 20:14:54.236003+00
815,acc8efcf-ec91-4e7b-a049-f0636b6dcaca,23,1,Neutro - circulos coloridos,circle,circulo,Azul,s,s,1,0,1217,stroop-victoria-desktop-v1-baseline,rt-pipeline-v1,ensino-schema-v1,2026-04-11 20:14:54.236003+00
816,acc8efcf-ec91-4e7b-a049-f0636b6dcaca,24,1,Neutro - circulos coloridos,circle,circulo,Amarelo,l,l,1,0,1707,stroop-victoria-desktop-v1-baseline,rt-pipeline-v1,ensino-schema-v1,2026-04-11 20:14:54.236003+00
817,acc8efcf-ec91-4e7b-a049-f0636b6dcaca,1,2,Controle - palavras neutras,neutral_word,JANELA,Amarelo,l,,0,1,,stroop-victoria-desktop-v1-baseline,rt-pipeline-v1,ensino-schema-v1,2026-04-11 20:14:54.236003+00
818,acc8efcf-ec91-4e7b-a049-f0636b6dcaca,2,2,Controle - palavras neutras,neutral_word,LIVRO,Vermelho,k,k,1,0,2313,stroop-victoria-desktop-v1-baseline,rt-pipeline-v1,ensino-schema-v1,2026-04-11 20:14:54.236003+00
819,acc8efcf-ec91-4e7b-a049-f0636b6dcaca,3,2,Controle - palavras neutras,neutral_word,TRILHO,Verde,d,d,1,0,1085,stroop-victoria-desktop-v1-baseline,rt-pipeline-v1,ensino-schema-v1,2026-04-11 20:14:54.236003+00
820,acc8efcf-ec91-4e7b-a049-f0636b6dcaca,4,2,Controle - palavras neutras,neutral_word,JANELA,Azul,s,s,1,0,1043,stroop-victoria-desktop-v1-baseline,rt-pipeline-v1,ensino-schema-v1,2026-04-11 20:14:54.236003+00
821,acc8efcf-ec91-4e7b-a049-f0636b6dcaca,5,2,Controle - palavras neutras,neutral_word,NUVEM,Vermelho,k,k,1,0,2074,stroop-victoria-desktop-v1-baseline,rt-pipeline-v1,ensino-schema-v1,2026-04-11 20:14:54.236003+00
822,acc8efcf-ec91-4e7b-a049-f0636b6dcaca,6,2,Controle - palavras neutras,neutral_word,LIVRO,Azul,s,s,1,0,2356,stroop-victoria-desktop-v1-baseline,rt-pipeline-v1,ensino-schema-v1,2026-04-11 20:14:54.236003+00
823,acc8efcf-ec91-4e7b-a049-f0636b6dcaca,7,2,Controle - palavras neutras,neutral_word,CASA,Azul,s,s,1,0,1206,stroop-victoria-desktop-v1-baseline,rt-pipeline-v1,ensino-schema-v1,2026-04-11 20:14:54.236003+00
824,acc8efcf-ec91-4e7b-a049-f0636b6dcaca,8,2,Controle - palavras neutras,neutral_word,LIVRO,Amarelo,l,l,1,0,1006,stroop-victoria-desktop-v1-baseline,rt-pipeline-v1,ensino-schema-v1,2026-04-11 20:14:54.236003+00
825,acc8efcf-ec91-4e7b-a049-f0636b6dcaca,9,2,Controle - palavras neutras,neutral_word,MESA,Amarelo,l,l,1,0,1778,stroop-victoria-desktop-v1-baseline,rt-pipeline-v1,ensino-schema-v1,2026-04-11 20:14:54.236003+00
826,acc8efcf-ec91-4e7b-a049-f0636b6dcaca,10,2,Controle - palavras neutras,neutral_word,CASA,Verde,d,d,1,0,2025,stroop-victoria-desktop-v1-baseline,rt-pipeline-v1,ensino-schema-v1,2026-04-11 20:14:54.236003+00
827,acc8efcf-ec91-4e7b-a049-f0636b6dcaca,11,2,Controle - palavras neutras,neutral_word,TRILHO,Vermelho,k,k,1,0,1528,stroop-victoria-desktop-v1-baseline,rt-pipeline-v1,ensino-schema-v1,2026-04-11 20:14:54.236003+00
828,acc8efcf-ec91-4e7b-a049-f0636b6dcaca,12,2,Controle - palavras neutras,neutral_word,NUVEM,Verde,d,d,1,0,1220,stroop-victoria-desktop-v1-baseline,rt-pipeline-v1,ensino-schema-v1,2026-04-11 20:14:54.236003+00
829,acc8efcf-ec91-4e7b-a049-f0636b6dcaca,13,2,Controle - palavras neutras,neutral_word,CASA,Vermelho,k,k,1,0,1224,stroop-victoria-desktop-v1-baseline,rt-pipeline-v1,ensino-schema-v1,2026-04-11 20:14:54.236003+00
830,acc8efcf-ec91-4e7b-a049-f0636b6dcaca,14,2,Controle - palavras neutras,neutral_word,LIVRO,Verde,d,d,1,0,1037,stroop-victoria-desktop-v1-baseline,rt-pipeline-v1,ensino-schema-v1,2026-04-11 20:14:54.236003+00
831,acc8efcf-ec91-4e7b-a049-f0636b6dcaca,15,2,Controle - palavras neutras,neutral_word,NUVEM,Amarelo,l,l,1,0,1121,stroop-victoria-desktop-v1-baseline,rt-pipeline-v1,ensino-schema-v1,2026-04-11 20:14:54.236003+00
832,acc8efcf-ec91-4e7b-a049-f0636b6dcaca,16,2,Controle - palavras neutras,neutral_word,MESA,Vermelho,k,k,1,0,1337,stroop-victoria-desktop-v1-baseline,rt-pipeline-v1,ensino-schema-v1,2026-04-11 20:14:54.236003+00
833,acc8efcf-ec91-4e7b-a049-f0636b6dcaca,17,2,Controle - palavras neutras,neutral_word,MESA,Verde,d,d,1,0,1270,stroop-victoria-desktop-v1-baseline,rt-pipeline-v1,ensino-schema-v1,2026-04-11 20:14:54.236003+00
834,acc8efcf-ec91-4e7b-a049-f0636b6dcaca,18,2,Controle - palavras neutras,neutral_word,TRILHO,Azul,s,s,1,0,1231,stroop-victoria-desktop-v1-baseline,rt-pipeline-v1,ensino-schema-v1,2026-04-11 20:14:54.236003+00
835,acc8efcf-ec91-4e7b-a049-f0636b6dcaca,19,2,Controle - palavras neutras,neutral_word,JANELA,Verde,d,d,1,0,1446,stroop-victoria-desktop-v1-baseline,rt-pipeline-v1,ensino-schema-v1,2026-04-11 20:14:54.236003+00
836,acc8efcf-ec91-4e7b-a049-f0636b6dcaca,20,2,Controle - palavras neutras,neutral_word,TRILHO,Amarelo,l,l,1,0,984,stroop-victoria-desktop-v1-baseline,rt-pipeline-v1,ensino-schema-v1,2026-04-11 20:14:54.236003+00
837,acc8efcf-ec91-4e7b-a049-f0636b6dcaca,21,2,Controle - palavras neutras,neutral_word,NUVEM,Azul,s,s,1,0,2296,stroop-victoria-desktop-v1-baseline,rt-pipeline-v1,ensino-schema-v1,2026-04-11 20:14:54.236003+00
838,acc8efcf-ec91-4e7b-a049-f0636b6dcaca,22,2,Controle - palavras neutras,neutral_word,MESA,Azul,s,s,1,0,1126,stroop-victoria-desktop-v1-baseline,rt-pipeline-v1,ensino-schema-v1,2026-04-11 20:14:54.236003+00
839,acc8efcf-ec91-4e7b-a049-f0636b6dcaca,23,2,Controle - palavras neutras,neutral_word,JANELA,Vermelho,k,k,1,0,1258,stroop-victoria-desktop-v1-baseline,rt-pipeline-v1,ensino-schema-v1,2026-04-11 20:14:54.236003+00
840,acc8efcf-ec91-4e7b-a049-f0636b6dcaca,24,2,Controle - palavras neutras,neutral_word,CASA,Amarelo,l,l,1,0,1386,stroop-victoria-desktop-v1-baseline,rt-pipeline-v1,ensino-schema-v1,2026-04-11 20:14:54.236003+00
841,acc8efcf-ec91-4e7b-a049-f0636b6dcaca,1,3,Interferencia - palavras incongruentes,incongruent_color_word,VERDE,Azul,s,s,1,0,1887,stroop-victoria-desktop-v1-baseline,rt-pipeline-v1,ensino-schema-v1,2026-04-11 20:14:54.236003+00
842,acc8efcf-ec91-4e7b-a049-f0636b6dcaca,2,3,Interferencia - palavras incongruentes,incongruent_color_word,VERDE,Amarelo,l,l,1,0,1834,stroop-victoria-desktop-v1-baseline,rt-pipeline-v1,ensino-schema-v1,2026-04-11 20:14:54.236003+00
843,acc8efcf-ec91-4e7b-a049-f0636b6dcaca,3,3,Interferencia - palavras incongruentes,incongruent_color_word,VERMELHO,Azul,s,s,1,0,1869,stroop-victoria-desktop-v1-baseline,rt-pipeline-v1,ensino-schema-v1,2026-04-11 20:14:54.236003+00
844,acc8efcf-ec91-4e7b-a049-f0636b6dcaca,4,3,Interferencia - palavras incongruentes,incongruent_color_word,AZUL,Amarelo,l,l,1,0,1841,stroop-victoria-desktop-v1-baseline,rt-pipeline-v1,ensino-schema-v1,2026-04-11 20:14:54.236003+00
845,acc8efcf-ec91-4e7b-a049-f0636b6dcaca,5,3,Interferencia - palavras incongruentes,incongruent_color_word,AMARELO,Azul,s,s,1,0,1358,stroop-victoria-desktop-v1-baseline,rt-pipeline-v1,ensino-schema-v1,2026-04-11 20:14:54.236003+00
846,acc8efcf-ec91-4e7b-a049-f0636b6dcaca,6,3,Interferencia - palavras incongruentes,incongruent_color_word,AMARELO,Verde,d,d,1,0,1985,stroop-victoria-desktop-v1-baseline,rt-pipeline-v1,ensino-schema-v1,2026-04-11 20:14:54.236003+00
847,acc8efcf-ec91-4e7b-a049-f0636b6dcaca,7,3,Interferencia - palavras incongruentes,incongruent_color_word,VERDE,Vermelho,k,k,1,0,1733,stroop-victoria-desktop-v1-baseline,rt-pipeline-v1,ensino-schema-v1,2026-04-11 20:14:54.236003+00
848,acc8efcf-ec91-4e7b-a049-f0636b6dcaca,8,3,Interferencia - palavras incongruentes,incongruent_color_word,AZUL,Vermelho,k,s,0,0,2734,stroop-victoria-desktop-v1-baseline,rt-pipeline-v1,ensino-schema-v1,2026-04-11 20:14:54.236003+00
849,acc8efcf-ec91-4e7b-a049-f0636b6dcaca,9,3,Interferencia - palavras incongruentes,incongruent_color_word,VERMELHO,Azul,s,k,0,0,2038,stroop-victoria-desktop-v1-baseline,rt-pipeline-v1,ensino-schema-v1,2026-04-11 20:14:54.236003+00
850,acc8efcf-ec91-4e7b-a049-f0636b6dcaca,10,3,Interferencia - palavras incongruentes,incongruent_color_word,AMARELO,Vermelho,k,l,0,0,1717,stroop-victoria-desktop-v1-baseline,rt-pipeline-v1,ensino-schema-v1,2026-04-11 20:14:54.236003+00
851,acc8efcf-ec91-4e7b-a049-f0636b6dcaca,11,3,Interferencia - palavras incongruentes,incongruent_color_word,AZUL,Vermelho,k,s,0,0,1500,stroop-victoria-desktop-v1-baseline,rt-pipeline-v1,ensino-schema-v1,2026-04-11 20:14:54.236003+00
852,acc8efcf-ec91-4e7b-a049-f0636b6dcaca,12,3,Interferencia - palavras incongruentes,incongruent_color_word,AMARELO,Verde,d,d,1,0,1324,stroop-victoria-desktop-v1-baseline,rt-pipeline-v1,ensino-schema-v1,2026-04-11 20:14:54.236003+00
853,acc8efcf-ec91-4e7b-a049-f0636b6dcaca,13,3,Interferencia - palavras incongruentes,incongruent_color_word,VERDE,Vermelho,k,d,0,0,1433,stroop-victoria-desktop-v1-baseline,rt-pipeline-v1,ensino-schema-v1,2026-04-11 20:14:54.236003+00
854,acc8efcf-ec91-4e7b-a049-f0636b6dcaca,14,3,Interferencia - palavras incongruentes,incongruent_color_word,VERMELHO,Amarelo,l,k,0,0,1815,stroop-victoria-desktop-v1-baseline,rt-pipeline-v1,ensino-schema-v1,2026-04-11 20:14:54.236003+00
855,acc8efcf-ec91-4e7b-a049-f0636b6dcaca,15,3,Interferencia - palavras incongruentes,incongruent_color_word,VERMELHO,Amarelo,l,l,1,0,1632,stroop-victoria-desktop-v1-baseline,rt-pipeline-v1,ensino-schema-v1,2026-04-11 20:14:54.236003+00
856,acc8efcf-ec91-4e7b-a049-f0636b6dcaca,16,3,Interferencia - palavras incongruentes,incongruent_color_word,VERMELHO,Verde,d,d,1,0,1534,stroop-victoria-desktop-v1-baseline,rt-pipeline-v1,ensino-schema-v1,2026-04-11 20:14:54.236003+00
857,acc8efcf-ec91-4e7b-a049-f0636b6dcaca,17,3,Interferencia - palavras incongruentes,incongruent_color_word,AZUL,Amarelo,l,l,1,0,1867,stroop-victoria-desktop-v1-baseline,rt-pipeline-v1,ensino-schema-v1,2026-04-11 20:14:54.236003+00
858,acc8efcf-ec91-4e7b-a049-f0636b6dcaca,18,3,Interferencia - palavras incongruentes,incongruent_color_word,AMARELO,Azul,s,s,1,0,1021,stroop-victoria-desktop-v1-baseline,rt-pipeline-v1,ensino-schema-v1,2026-04-11 20:14:54.236003+00
859,acc8efcf-ec91-4e7b-a049-f0636b6dcaca,19,3,Interferencia - palavras incongruentes,incongruent_color_word,VERDE,Azul,s,d,0,0,1150,stroop-victoria-desktop-v1-baseline,rt-pipeline-v1,ensino-schema-v1,2026-04-11 20:14:54.236003+00
860,acc8efcf-ec91-4e7b-a049-f0636b6dcaca,20,3,Interferencia - palavras incongruentes,incongruent_color_word,VERDE,Amarelo,l,d,0,0,800,stroop-victoria-desktop-v1-baseline,rt-pipeline-v1,ensino-schema-v1,2026-04-11 20:14:54.236003+00
861,acc8efcf-ec91-4e7b-a049-f0636b6dcaca,21,3,Interferencia - palavras incongruentes,incongruent_color_word,AZUL,Verde,d,d,1,0,1485,stroop-victoria-desktop-v1-baseline,rt-pipeline-v1,ensino-schema-v1,2026-04-11 20:14:54.236003+00
862,acc8efcf-ec91-4e7b-a049-f0636b6dcaca,22,3,Interferencia - palavras incongruentes,incongruent_color_word,AZUL,Verde,d,d,1,0,1742,stroop-victoria-desktop-v1-baseline,rt-pipeline-v1,ensino-schema-v1,2026-04-11 20:14:54.236003+00
863,acc8efcf-ec91-4e7b-a049-f0636b6dcaca,23,3,Interferencia - palavras incongruentes,incongruent_color_word,VERMELHO,Verde,d,d,1,0,1109,stroop-victoria-desktop-v1-baseline,rt-pipeline-v1,ensino-schema-v1,2026-04-11 20:14:54.236003+00
864,acc8efcf-ec91-4e7b-a049-f0636b6dcaca,24,3,Interferencia - palavras incongruentes,incongruent_color_word,AMARELO,Vermelho,k,k,1,0,1245,stroop-victoria-desktop-v1-baseline,rt-pipeline-v1,ensino-schema-v1,2026-04-11 20:14:54.236003+00
865,9db97947-9294-415c-a21a-8a813cdbe71c,1,1,Neutro - círculos coloridos,circle,círculo,Azul,s,s,1,0,1584,stroop-victoria-desktop-v1.1-instructions,rt-pipeline-v1,ensino-schema-v1,2026-04-21 00:06:00.712342+00
866,9db97947-9294-415c-a21a-8a813cdbe71c,2,1,Neutro - círculos coloridos,circle,círculo,Amarelo,l,l,1,0,1467,stroop-victoria-desktop-v1.1-instructions,rt-pipeline-v1,ensino-schema-v1,2026-04-21 00:06:00.712342+00
867,9db97947-9294-415c-a21a-8a813cdbe71c,3,1,Neutro - círculos coloridos,circle,círculo,Azul,s,s,1,0,505,stroop-victoria-desktop-v1.1-instructions,rt-pipeline-v1,ensino-schema-v1,2026-04-21 00:06:00.712342+00
868,9db97947-9294-415c-a21a-8a813cdbe71c,4,1,Neutro - círculos coloridos,circle,círculo,Amarelo,l,l,1,0,491,stroop-victoria-desktop-v1.1-instructions,rt-pipeline-v1,ensino-schema-v1,2026-04-21 00:06:00.712342+00
869,9db97947-9294-415c-a21a-8a813cdbe71c,5,1,Neutro - círculos coloridos,circle,círculo,Verde,d,d,1,0,482,stroop-victoria-desktop-v1.1-instructions,rt-pipeline-v1,ensino-schema-v1,2026-04-21 00:06:00.712342+00
870,9db97947-9294-415c-a21a-8a813cdbe71c,6,1,Neutro - círculos coloridos,circle,círculo,Vermelho,k,k,1,0,442,stroop-victoria-desktop-v1.1-instructions,rt-pipeline-v1,ensino-schema-v1,2026-04-21 00:06:00.712342+00
871,9db97947-9294-415c-a21a-8a813cdbe71c,7,1,Neutro - círculos coloridos,circle,círculo,Vermelho,k,k,1,0,473,stroop-victoria-desktop-v1.1-instructions,rt-pipeline-v1,ensino-schema-v1,2026-04-21 00:06:00.712342+00
872,9db97947-9294-415c-a21a-8a813cdbe71c,8,1,Neutro - círculos coloridos,circle,círculo,Vermelho,k,k,1,0,395,stroop-victoria-desktop-v1.1-instructions,rt-pipeline-v1,ensino-schema-v1,2026-04-21 00:06:00.712342+00
873,9db97947-9294-415c-a21a-8a813cdbe71c,9,1,Neutro - círculos coloridos,circle,círculo,Vermelho,k,k,1,0,362,stroop-victoria-desktop-v1.1-instructions,rt-pipeline-v1,ensino-schema-v1,2026-04-21 00:06:00.712342+00
874,9db97947-9294-415c-a21a-8a813cdbe71c,10,1,Neutro - círculos coloridos,circle,círculo,Amarelo,l,k,0,0,315,stroop-victoria-desktop-v1.1-instructions,rt-pipeline-v1,ensino-schema-v1,2026-04-21 00:06:00.712342+00
875,9db97947-9294-415c-a21a-8a813cdbe71c,11,1,Neutro - círculos coloridos,circle,círculo,Azul,s,s,1,0,555,stroop-victoria-desktop-v1.1-instructions,rt-pipeline-v1,ensino-schema-v1,2026-04-21 00:06:00.712342+00
876,9db97947-9294-415c-a21a-8a813cdbe71c,12,1,Neutro - círculos coloridos,circle,círculo,Verde,d,d,1,0,810,stroop-victoria-desktop-v1.1-instructions,rt-pipeline-v1,ensino-schema-v1,2026-04-21 00:06:00.712342+00
877,9db97947-9294-415c-a21a-8a813cdbe71c,13,1,Neutro - círculos coloridos,circle,círculo,Amarelo,l,l,1,0,874,stroop-victoria-desktop-v1.1-instructions,rt-pipeline-v1,ensino-schema-v1,2026-04-21 00:06:00.712342+00
878,9db97947-9294-415c-a21a-8a813cdbe71c,14,1,Neutro - círculos coloridos,circle,círculo,Amarelo,l,l,1,0,715,stroop-victoria-desktop-v1.1-instructions,rt-pipeline-v1,ensino-schema-v1,2026-04-21 00:06:00.712342+00
879,9db97947-9294-415c-a21a-8a813cdbe71c,15,1,Neutro - círculos coloridos,circle,círculo,Verde,d,d,1,0,986,stroop-victoria-desktop-v1.1-instructions,rt-pipeline-v1,ensino-schema-v1,2026-04-21 00:06:00.712342+00
880,9db97947-9294-415c-a21a-8a813cdbe71c,16,1,Neutro - círculos coloridos,circle,círculo,Azul,s,s,1,0,610,stroop-victoria-desktop-v1.1-instructions,rt-pipeline-v1,ensino-schema-v1,2026-04-21 00:06:00.712342+00
881,9db97947-9294-415c-a21a-8a813cdbe71c,17,1,Neutro - círculos coloridos,circle,círculo,Verde,d,k,0,0,874,stroop-victoria-desktop-v1.1-instructions,rt-pipeline-v1,ensino-schema-v1,2026-04-21 00:06:00.712342+00
882,9db97947-9294-415c-a21a-8a813cdbe71c,18,1,Neutro - círculos coloridos,circle,círculo,Amarelo,l,l,1,0,641,stroop-victoria-desktop-v1.1-instructions,rt-pipeline-v1,ensino-schema-v1,2026-04-21 00:06:00.712342+00
883,9db97947-9294-415c-a21a-8a813cdbe71c,19,1,Neutro - círculos coloridos,circle,círculo,Vermelho,k,k,1,0,706,stroop-victoria-desktop-v1.1-instructions,rt-pipeline-v1,ensino-schema-v1,2026-04-21 00:06:00.712342+00
884,9db97947-9294-415c-a21a-8a813cdbe71c,20,1,Neutro - círculos coloridos,circle,círculo,Verde,d,k,0,0,1027,stroop-victoria-desktop-v1.1-instructions,rt-pipeline-v1,ensino-schema-v1,2026-04-21 00:06:00.712342+00
885,9db97947-9294-415c-a21a-8a813cdbe71c,21,1,Neutro - círculos coloridos,circle,círculo,Azul,s,s,1,0,634,stroop-victoria-desktop-v1.1-instructions,rt-pipeline-v1,ensino-schema-v1,2026-04-21 00:06:00.712342+00
886,9db97947-9294-415c-a21a-8a813cdbe71c,22,1,Neutro - círculos coloridos,circle,círculo,Azul,s,s,1,0,603,stroop-victoria-desktop-v1.1-instructions,rt-pipeline-v1,ensino-schema-v1,2026-04-21 00:06:00.712342+00
887,9db97947-9294-415c-a21a-8a813cdbe71c,23,1,Neutro - círculos coloridos,circle,círculo,Vermelho,k,k,1,0,714,stroop-victoria-desktop-v1.1-instructions,rt-pipeline-v1,ensino-schema-v1,2026-04-21 00:06:00.712342+00
888,9db97947-9294-415c-a21a-8a813cdbe71c,24,1,Neutro - círculos coloridos,circle,círculo,Verde,d,d,1,0,699,stroop-victoria-desktop-v1.1-instructions,rt-pipeline-v1,ensino-schema-v1,2026-04-21 00:06:00.712342+00
889,9db97947-9294-415c-a21a-8a813cdbe71c,1,2,Controle - palavras neutras,neutral_word,NUVEM,Verde,d,d,1,0,1609,stroop-victoria-desktop-v1.1-instructions,rt-pipeline-v1,ensino-schema-v1,2026-04-21 00:06:00.712342+00
890,9db97947-9294-415c-a21a-8a813cdbe71c,2,2,Controle - palavras neutras,neutral_word,TRILHO,Amarelo,l,l,1,0,619,stroop-victoria-desktop-v1.1-instructions,rt-pipeline-v1,ensino-schema-v1,2026-04-21 00:06:00.712342+00
891,9db97947-9294-415c-a21a-8a813cdbe71c,3,2,Controle - palavras neutras,neutral_word,JANELA,Azul,s,s,1,0,898,stroop-victoria-desktop-v1.1-instructions,rt-pipeline-v1,ensino-schema-v1,2026-04-21 00:06:00.712342+00
892,9db97947-9294-415c-a21a-8a813cdbe71c,4,2,Controle - palavras neutras,neutral_word,LIVRO,Verde,d,d,1,0,771,stroop-victoria-desktop-v1.1-instructions,rt-pipeline-v1,ensino-schema-v1,2026-04-21 00:06:00.712342+00
893,9db97947-9294-415c-a21a-8a813cdbe71c,5,2,Controle - palavras neutras,neutral_word,LIVRO,Amarelo,l,l,1,0,496,stroop-victoria-desktop-v1.1-instructions,rt-pipeline-v1,ensino-schema-v1,2026-04-21 00:06:00.712342+00
894,9db97947-9294-415c-a21a-8a813cdbe71c,6,2,Controle - palavras neutras,neutral_word,JANELA,Vermelho,k,k,1,0,603,stroop-victoria-desktop-v1.1-instructions,rt-pipeline-v1,ensino-schema-v1,2026-04-21 00:06:00.712342+00
895,9db97947-9294-415c-a21a-8a813cdbe71c,7,2,Controle - palavras neutras,neutral_word,LIVRO,Vermelho,k,k,1,0,506,stroop-victoria-desktop-v1.1-instructions,rt-pipeline-v1,ensino-schema-v1,2026-04-21 00:06:00.712342+00
896,9db97947-9294-415c-a21a-8a813cdbe71c,8,2,Controle - palavras neutras,neutral_word,CASA,Vermelho,k,k,1,0,419,stroop-victoria-desktop-v1.1-instructions,rt-pipeline-v1,ensino-schema-v1,2026-04-21 00:06:00.712342+00
897,9db97947-9294-415c-a21a-8a813cdbe71c,9,2,Controle - palavras neutras,neutral_word,LIVRO,Azul,s,s,1,0,522,stroop-victoria-desktop-v1.1-instructions,rt-pipeline-v1,ensino-schema-v1,2026-04-21 00:06:00.712342+00
898,9db97947-9294-415c-a21a-8a813cdbe71c,10,2,Controle - palavras neutras,neutral_word,NUVEM,Azul,s,s,1,0,411,stroop-victoria-desktop-v1.1-instructions,rt-pipeline-v1,ensino-schema-v1,2026-04-21 00:06:00.712342+00
899,9db97947-9294-415c-a21a-8a813cdbe71c,11,2,Controle - palavras neutras,neutral_word,TRILHO,Verde,d,d,1,0,490,stroop-victoria-desktop-v1.1-instructions,rt-pipeline-v1,ensino-schema-v1,2026-04-21 00:06:00.712342+00
900,9db97947-9294-415c-a21a-8a813cdbe71c,12,2,Controle - palavras neutras,neutral_word,NUVEM,Vermelho,k,k,1,0,594,stroop-victoria-desktop-v1.1-instructions,rt-pipeline-v1,ensino-schema-v1,2026-04-21 00:06:00.712342+00
901,9db97947-9294-415c-a21a-8a813cdbe71c,13,2,Controle - palavras neutras,neutral_word,MESA,Amarelo,l,l,1,0,507,stroop-victoria-desktop-v1.1-instructions,rt-pipeline-v1,ensino-schema-v1,2026-04-21 00:06:00.712342+00
902,9db97947-9294-415c-a21a-8a813cdbe71c,14,2,Controle - palavras neutras,neutral_word,CASA,Verde,d,s,0,0,434,stroop-victoria-desktop-v1.1-instructions,rt-pipeline-v1,ensino-schema-v1,2026-04-21 00:06:00.712342+00
903,9db97947-9294-415c-a21a-8a813cdbe71c,15,2,Controle - palavras neutras,neutral_word,NUVEM,Amarelo,l,l,1,0,562,stroop-victoria-desktop-v1.1-instructions,rt-pipeline-v1,ensino-schema-v1,2026-04-21 00:06:00.712342+00
904,9db97947-9294-415c-a21a-8a813cdbe71c,16,2,Controle - palavras neutras,neutral_word,MESA,Azul,s,s,1,0,587,stroop-victoria-desktop-v1.1-instructions,rt-pipeline-v1,ensino-schema-v1,2026-04-21 00:06:00.712342+00
905,9db97947-9294-415c-a21a-8a813cdbe71c,17,2,Controle - palavras neutras,neutral_word,TRILHO,Vermelho,k,k,1,0,730,stroop-victoria-desktop-v1.1-instructions,rt-pipeline-v1,ensino-schema-v1,2026-04-21 00:06:00.712342+00
906,9db97947-9294-415c-a21a-8a813cdbe71c,18,2,Controle - palavras neutras,neutral_word,MESA,Verde,d,d,1,0,907,stroop-victoria-desktop-v1.1-instructions,rt-pipeline-v1,ensino-schema-v1,2026-04-21 00:06:00.712342+00
907,9db97947-9294-415c-a21a-8a813cdbe71c,19,2,Controle - palavras neutras,neutral_word,JANELA,Verde,d,d,1,0,516,stroop-victoria-desktop-v1.1-instructions,rt-pipeline-v1,ensino-schema-v1,2026-04-21 00:06:00.712342+00
908,9db97947-9294-415c-a21a-8a813cdbe71c,20,2,Controle - palavras neutras,neutral_word,JANELA,Amarelo,l,l,1,0,570,stroop-victoria-desktop-v1.1-instructions,rt-pipeline-v1,ensino-schema-v1,2026-04-21 00:06:00.712342+00
909,9db97947-9294-415c-a21a-8a813cdbe71c,21,2,Controle - palavras neutras,neutral_word,CASA,Amarelo,l,l,1,0,498,stroop-victoria-desktop-v1.1-instructions,rt-pipeline-v1,ensino-schema-v1,2026-04-21 00:06:00.712342+00
910,9db97947-9294-415c-a21a-8a813cdbe71c,22,2,Controle - palavras neutras,neutral_word,TRILHO,Azul,s,s,1,0,690,stroop-victoria-desktop-v1.1-instructions,rt-pipeline-v1,ensino-schema-v1,2026-04-21 00:06:00.712342+00
911,9db97947-9294-415c-a21a-8a813cdbe71c,23,2,Controle - palavras neutras,neutral_word,MESA,Vermelho,k,k,1,0,667,stroop-victoria-desktop-v1.1-instructions,rt-pipeline-v1,ensino-schema-v1,2026-04-21 00:06:00.712342+00
912,9db97947-9294-415c-a21a-8a813cdbe71c,24,2,Controle - palavras neutras,neutral_word,CASA,Azul,s,s,1,0,443,stroop-victoria-desktop-v1.1-instructions,rt-pipeline-v1,ensino-schema-v1,2026-04-21 00:06:00.712342+00
913,9db97947-9294-415c-a21a-8a813cdbe71c,1,3,Interferência - palavras incongruentes,incongruent_color_word,VERDE,Amarelo,l,l,1,0,1211,stroop-victoria-desktop-v1.1-instructions,rt-pipeline-v1,ensino-schema-v1,2026-04-21 00:06:00.712342+00
914,9db97947-9294-415c-a21a-8a813cdbe71c,2,3,Interferência - palavras incongruentes,incongruent_color_word,VERDE,Vermelho,k,k,1,0,803,stroop-victoria-desktop-v1.1-instructions,rt-pipeline-v1,ensino-schema-v1,2026-04-21 00:06:00.712342+00
915,9db97947-9294-415c-a21a-8a813cdbe71c,3,3,Interferência - palavras incongruentes,incongruent_color_word,AMARELO,Verde,d,d,1,0,906,stroop-victoria-desktop-v1.1-instructions,rt-pipeline-v1,ensino-schema-v1,2026-04-21 00:06:00.712342+00
916,9db97947-9294-415c-a21a-8a813cdbe71c,4,3,Interferência - palavras incongruentes,incongruent_color_word,VERMELHO,Verde,d,d,1,0,571,stroop-victoria-desktop-v1.1-instructions,rt-pipeline-v1,ensino-schema-v1,2026-04-21 00:06:00.712342+00
917,9db97947-9294-415c-a21a-8a813cdbe71c,5,3,Interferência - palavras incongruentes,incongruent_color_word,AMARELO,Vermelho,k,k,1,0,634,stroop-victoria-desktop-v1.1-instructions,rt-pipeline-v1,ensino-schema-v1,2026-04-21 00:06:00.712342+00
918,9db97947-9294-415c-a21a-8a813cdbe71c,6,3,Interferência - palavras incongruentes,incongruent_color_word,VERMELHO,Azul,s,s,1,0,499,stroop-victoria-desktop-v1.1-instructions,rt-pipeline-v1,ensino-schema-v1,2026-04-21 00:06:00.712342+00
919,9db97947-9294-415c-a21a-8a813cdbe71c,7,3,Interferência - palavras incongruentes,incongruent_color_word,AZUL,Vermelho,k,d,0,0,682,stroop-victoria-desktop-v1.1-instructions,rt-pipeline-v1,ensino-schema-v1,2026-04-21 00:06:00.712342+00
920,9db97947-9294-415c-a21a-8a813cdbe71c,8,3,Interferência - palavras incongruentes,incongruent_color_word,AZUL,Amarelo,l,l,1,0,1194,stroop-victoria-desktop-v1.1-instructions,rt-pipeline-v1,ensino-schema-v1,2026-04-21 00:06:00.712342+00
921,9db97947-9294-415c-a21a-8a813cdbe71c,9,3,Interferência - palavras incongruentes,incongruent_color_word,VERDE,Azul,s,s,1,0,729,stroop-victoria-desktop-v1.1-instructions,rt-pipeline-v1,ensino-schema-v1,2026-04-21 00:06:00.712342+00
922,9db97947-9294-415c-a21a-8a813cdbe71c,10,3,Interferência - palavras incongruentes,incongruent_color_word,VERDE,Azul,s,s,1,0,835,stroop-victoria-desktop-v1.1-instructions,rt-pipeline-v1,ensino-schema-v1,2026-04-21 00:06:00.712342+00
923,9db97947-9294-415c-a21a-8a813cdbe71c,11,3,Interferência - palavras incongruentes,incongruent_color_word,AZUL,Verde,d,d,1,0,547,stroop-victoria-desktop-v1.1-instructions,rt-pipeline-v1,ensino-schema-v1,2026-04-21 00:06:00.712342+00
924,9db97947-9294-415c-a21a-8a813cdbe71c,12,3,Interferência - palavras incongruentes,incongruent_color_word,AMARELO,Vermelho,k,k,1,0,642,stroop-victoria-desktop-v1.1-instructions,rt-pipeline-v1,ensino-schema-v1,2026-04-21 00:06:00.712342+00
925,9db97947-9294-415c-a21a-8a813cdbe71c,13,3,Interferência - palavras incongruentes,incongruent_color_word,VERMELHO,Verde,d,d,1,0,1035,stroop-victoria-desktop-v1.1-instructions,rt-pipeline-v1,ensino-schema-v1,2026-04-21 00:06:00.712342+00
926,9db97947-9294-415c-a21a-8a813cdbe71c,14,3,Interferência - palavras incongruentes,incongruent_color_word,AZUL,Amarelo,l,l,1,0,707,stroop-victoria-desktop-v1.1-instructions,rt-pipeline-v1,ensino-schema-v1,2026-04-21 00:06:00.712342+00
927,9db97947-9294-415c-a21a-8a813cdbe71c,15,3,Interferência - palavras incongruentes,incongruent_color_word,VERMELHO,Azul,s,s,1,0,618,stroop-victoria-desktop-v1.1-instructions,rt-pipeline-v1,ensino-schema-v1,2026-04-21 00:06:00.712342+00
928,9db97947-9294-415c-a21a-8a813cdbe71c,16,3,Interferência - palavras incongruentes,incongruent_color_word,AZUL,Verde,d,d,1,0,555,stroop-victoria-desktop-v1.1-instructions,rt-pipeline-v1,ensino-schema-v1,2026-04-21 00:06:00.712342+00
929,9db97947-9294-415c-a21a-8a813cdbe71c,17,3,Interferência - palavras incongruentes,incongruent_color_word,AMARELO,Azul,s,s,1,0,883,stroop-victoria-desktop-v1.1-instructions,rt-pipeline-v1,ensino-schema-v1,2026-04-21 00:06:00.712342+00
930,9db97947-9294-415c-a21a-8a813cdbe71c,18,3,Interferência - palavras incongruentes,incongruent_color_word,VERDE,Vermelho,k,k,1,0,746,stroop-victoria-desktop-v1.1-instructions,rt-pipeline-v1,ensino-schema-v1,2026-04-21 00:06:00.712342+00
931,9db97947-9294-415c-a21a-8a813cdbe71c,19,3,Interferência - palavras incongruentes,incongruent_color_word,VERDE,Amarelo,l,l,1,0,611,stroop-victoria-desktop-v1.1-instructions,rt-pipeline-v1,ensino-schema-v1,2026-04-21 00:06:00.712342+00
932,9db97947-9294-415c-a21a-8a813cdbe71c,20,3,Interferência - palavras incongruentes,incongruent_color_word,AZUL,Vermelho,k,k,1,0,683,stroop-victoria-desktop-v1.1-instructions,rt-pipeline-v1,ensino-schema-v1,2026-04-21 00:06:00.712342+00
933,9db97947-9294-415c-a21a-8a813cdbe71c,21,3,Interferência - palavras incongruentes,incongruent_color_word,AMARELO,Verde,d,d,1,0,587,stroop-victoria-desktop-v1.1-instructions,rt-pipeline-v1,ensino-schema-v1,2026-04-21 00:06:00.712342+00
934,9db97947-9294-415c-a21a-8a813cdbe71c,22,3,Interferência - palavras incongruentes,incongruent_color_word,VERMELHO,Amarelo,l,l,1,0,571,stroop-victoria-desktop-v1.1-instructions,rt-pipeline-v1,ensino-schema-v1,2026-04-21 00:06:00.712342+00
935,9db97947-9294-415c-a21a-8a813cdbe71c,23,3,Interferência - palavras incongruentes,incongruent_color_word,AMARELO,Azul,s,s,1,0,611,stroop-victoria-desktop-v1.1-instructions,rt-pipeline-v1,ensino-schema-v1,2026-04-21 00:06:00.712342+00
936,9db97947-9294-415c-a21a-8a813cdbe71c,24,3,Interferência - palavras incongruentes,incongruent_color_word,VERMELHO,Amarelo,l,l,1,0,674,stroop-victoria-desktop-v1.1-instructions,rt-pipeline-v1,ensino-schema-v1,2026-04-21 00:06:00.712342+00
937,b8bd3b3e-65a3-4708-9227-7efcb0a6ba3e,1,1,Neutro - círculos coloridos,circle,círculo,Amarelo,l,l,1,0,954,stroop-victoria-desktop-v1.1-instructions,rt-pipeline-v1,ensino-schema-v1,2026-04-21 00:17:28.5516+00
938,b8bd3b3e-65a3-4708-9227-7efcb0a6ba3e,2,1,Neutro - círculos coloridos,circle,círculo,Azul,s,k,0,0,152,stroop-victoria-desktop-v1.1-instructions,rt-pipeline-v1,ensino-schema-v1,2026-04-21 00:17:28.5516+00
939,b8bd3b3e-65a3-4708-9227-7efcb0a6ba3e,3,1,Neutro - círculos coloridos,circle,círculo,Verde,d,k,0,0,147,stroop-victoria-desktop-v1.1-instructions,rt-pipeline-v1,ensino-schema-v1,2026-04-21 00:17:28.5516+00
940,b8bd3b3e-65a3-4708-9227-7efcb0a6ba3e,4,1,Neutro - círculos coloridos,circle,círculo,Amarelo,l,k,0,0,130,stroop-victoria-desktop-v1.1-instructions,rt-pipeline-v1,ensino-schema-v1,2026-04-21 00:17:28.5516+00
941,b8bd3b3e-65a3-4708-9227-7efcb0a6ba3e,5,1,Neutro - círculos coloridos,circle,círculo,Verde,d,k,0,0,19,stroop-victoria-desktop-v1.1-instructions,rt-pipeline-v1,ensino-schema-v1,2026-04-21 00:17:28.5516+00
942,b8bd3b3e-65a3-4708-9227-7efcb0a6ba3e,6,1,Neutro - círculos coloridos,circle,círculo,Vermelho,k,k,1,0,83,stroop-victoria-desktop-v1.1-instructions,rt-pipeline-v1,ensino-schema-v1,2026-04-21 00:17:28.5516+00
943,b8bd3b3e-65a3-4708-9227-7efcb0a6ba3e,7,1,Neutro - círculos coloridos,circle,círculo,Verde,d,k,0,0,16,stroop-victoria-desktop-v1.1-instructions,rt-pipeline-v1,ensino-schema-v1,2026-04-21 00:17:28.5516+00
944,b8bd3b3e-65a3-4708-9227-7efcb0a6ba3e,8,1,Neutro - círculos coloridos,circle,círculo,Amarelo,l,k,0,0,771,stroop-victoria-desktop-v1.1-instructions,rt-pipeline-v1,ensino-schema-v1,2026-04-21 00:17:28.5516+00
945,b8bd3b3e-65a3-4708-9227-7efcb0a6ba3e,9,1,Neutro - círculos coloridos,circle,círculo,Azul,s,l,0,0,894,stroop-victoria-desktop-v1.1-instructions,rt-pipeline-v1,ensino-schema-v1,2026-04-21 00:17:28.5516+00
946,b8bd3b3e-65a3-4708-9227-7efcb0a6ba3e,10,1,Neutro - círculos coloridos,circle,círculo,Amarelo,l,l,1,0,427,stroop-victoria-desktop-v1.1-instructions,rt-pipeline-v1,ensino-schema-v1,2026-04-21 00:17:28.5516+00
947,b8bd3b3e-65a3-4708-9227-7efcb0a6ba3e,11,1,Neutro - círculos coloridos,circle,círculo,Vermelho,k,k,1,0,273,stroop-victoria-desktop-v1.1-instructions,rt-pipeline-v1,ensino-schema-v1,2026-04-21 00:17:28.5516+00
948,b8bd3b3e-65a3-4708-9227-7efcb0a6ba3e,12,1,Neutro - círculos coloridos,circle,círculo,Azul,s,k,0,0,202,stroop-victoria-desktop-v1.1-instructions,rt-pipeline-v1,ensino-schema-v1,2026-04-21 00:17:28.5516+00
949,b8bd3b3e-65a3-4708-9227-7efcb0a6ba3e,13,1,Neutro - círculos coloridos,circle,círculo,Vermelho,k,l,0,0,202,stroop-victoria-desktop-v1.1-instructions,rt-pipeline-v1,ensino-schema-v1,2026-04-21 00:17:28.5516+00
950,b8bd3b3e-65a3-4708-9227-7efcb0a6ba3e,14,1,Neutro - círculos coloridos,circle,círculo,Amarelo,l,k,0,0,131,stroop-victoria-desktop-v1.1-instructions,rt-pipeline-v1,ensino-schema-v1,2026-04-21 00:17:28.5516+00
951,b8bd3b3e-65a3-4708-9227-7efcb0a6ba3e,15,1,Neutro - círculos coloridos,circle,círculo,Verde,d,l,0,0,139,stroop-victoria-desktop-v1.1-instructions,rt-pipeline-v1,ensino-schema-v1,2026-04-21 00:17:28.5516+00
952,b8bd3b3e-65a3-4708-9227-7efcb0a6ba3e,16,1,Neutro - círculos coloridos,circle,círculo,Verde,d,k,0,0,138,stroop-victoria-desktop-v1.1-instructions,rt-pipeline-v1,ensino-schema-v1,2026-04-21 00:17:28.5516+00
953,b8bd3b3e-65a3-4708-9227-7efcb0a6ba3e,17,1,Neutro - círculos coloridos,circle,círculo,Verde,d,l,0,0,442,stroop-victoria-desktop-v1.1-instructions,rt-pipeline-v1,ensino-schema-v1,2026-04-21 00:17:28.5516+00
954,b8bd3b3e-65a3-4708-9227-7efcb0a6ba3e,18,1,Neutro - círculos coloridos,circle,círculo,Vermelho,k,s,0,0,241,stroop-victoria-desktop-v1.1-instructions,rt-pipeline-v1,ensino-schema-v1,2026-04-21 00:17:28.5516+00
955,b8bd3b3e-65a3-4708-9227-7efcb0a6ba3e,19,1,Neutro - círculos coloridos,circle,círculo,Vermelho,k,l,0,0,227,stroop-victoria-desktop-v1.1-instructions,rt-pipeline-v1,ensino-schema-v1,2026-04-21 00:17:28.5516+00
956,b8bd3b3e-65a3-4708-9227-7efcb0a6ba3e,20,1,Neutro - círculos coloridos,circle,círculo,Amarelo,l,l,1,0,267,stroop-victoria-desktop-v1.1-instructions,rt-pipeline-v1,ensino-schema-v1,2026-04-21 00:17:28.5516+00
957,b8bd3b3e-65a3-4708-9227-7efcb0a6ba3e,21,1,Neutro - círculos coloridos,circle,círculo,Azul,s,k,0,0,323,stroop-victoria-desktop-v1.1-instructions,rt-pipeline-v1,ensino-schema-v1,2026-04-21 00:17:28.5516+00
958,b8bd3b3e-65a3-4708-9227-7efcb0a6ba3e,22,1,Neutro - círculos coloridos,circle,círculo,Azul,s,s,1,0,280,stroop-victoria-desktop-v1.1-instructions,rt-pipeline-v1,ensino-schema-v1,2026-04-21 00:17:28.5516+00
959,b8bd3b3e-65a3-4708-9227-7efcb0a6ba3e,23,1,Neutro - círculos coloridos,circle,círculo,Azul,s,s,1,0,122,stroop-victoria-desktop-v1.1-instructions,rt-pipeline-v1,ensino-schema-v1,2026-04-21 00:17:28.5516+00
960,b8bd3b3e-65a3-4708-9227-7efcb0a6ba3e,24,1,Neutro - círculos coloridos,circle,círculo,Vermelho,k,k,1,0,331,stroop-victoria-desktop-v1.1-instructions,rt-pipeline-v1,ensino-schema-v1,2026-04-21 00:17:28.5516+00
961,b8bd3b3e-65a3-4708-9227-7efcb0a6ba3e,1,2,Controle - palavras neutras,neutral_word,TRILHO,Amarelo,l,k,0,0,299,stroop-victoria-desktop-v1.1-instructions,rt-pipeline-v1,ensino-schema-v1,2026-04-21 00:17:28.5516+00
962,b8bd3b3e-65a3-4708-9227-7efcb0a6ba3e,2,2,Controle - palavras neutras,neutral_word,NUVEM,Azul,s,l,0,0,227,stroop-victoria-desktop-v1.1-instructions,rt-pipeline-v1,ensino-schema-v1,2026-04-21 00:17:28.5516+00
963,b8bd3b3e-65a3-4708-9227-7efcb0a6ba3e,3,2,Controle - palavras neutras,neutral_word,TRILHO,Verde,d,k,0,0,138,stroop-victoria-desktop-v1.1-instructions,rt-pipeline-v1,ensino-schema-v1,2026-04-21 00:17:28.5516+00
964,b8bd3b3e-65a3-4708-9227-7efcb0a6ba3e,4,2,Controle - palavras neutras,neutral_word,JANELA,Vermelho,k,l,0,0,98,stroop-victoria-desktop-v1.1-instructions,rt-pipeline-v1,ensino-schema-v1,2026-04-21 00:17:28.5516+00
965,b8bd3b3e-65a3-4708-9227-7efcb0a6ba3e,5,2,Controle - palavras neutras,neutral_word,MESA,Amarelo,l,k,0,0,82,stroop-victoria-desktop-v1.1-instructions,rt-pipeline-v1,ensino-schema-v1,2026-04-21 00:17:28.5516+00
966,b8bd3b3e-65a3-4708-9227-7efcb0a6ba3e,6,2,Controle - palavras neutras,neutral_word,MESA,Vermelho,k,l,0,0,258,stroop-victoria-desktop-v1.1-instructions,rt-pipeline-v1,ensino-schema-v1,2026-04-21 00:17:28.5516+00
967,b8bd3b3e-65a3-4708-9227-7efcb0a6ba3e,7,2,Controle - palavras neutras,neutral_word,NUVEM,Vermelho,k,k,1,0,217,stroop-victoria-desktop-v1.1-instructions,rt-pipeline-v1,ensino-schema-v1,2026-04-21 00:17:28.5516+00
968,b8bd3b3e-65a3-4708-9227-7efcb0a6ba3e,8,2,Controle - palavras neutras,neutral_word,TRILHO,Azul,s,s,1,0,122,stroop-victoria-desktop-v1.1-instructions,rt-pipeline-v1,ensino-schema-v1,2026-04-21 00:17:28.5516+00
969,b8bd3b3e-65a3-4708-9227-7efcb0a6ba3e,9,2,Controle - palavras neutras,neutral_word,JANELA,Azul,s,k,0,0,347,stroop-victoria-desktop-v1.1-instructions,rt-pipeline-v1,ensino-schema-v1,2026-04-21 00:17:28.5516+00
970,b8bd3b3e-65a3-4708-9227-7efcb0a6ba3e,10,2,Controle - palavras neutras,neutral_word,CASA,Azul,s,s,1,0,394,stroop-victoria-desktop-v1.1-instructions,rt-pipeline-v1,ensino-schema-v1,2026-04-21 00:17:28.5516+00
971,b8bd3b3e-65a3-4708-9227-7efcb0a6ba3e,11,2,Controle - palavras neutras,neutral_word,LIVRO,Vermelho,k,k,1,0,187,stroop-victoria-desktop-v1.1-instructions,rt-pipeline-v1,ensino-schema-v1,2026-04-21 00:17:28.5516+00
972,b8bd3b3e-65a3-4708-9227-7efcb0a6ba3e,12,2,Controle - palavras neutras,neutral_word,CASA,Amarelo,l,s,0,0,137,stroop-victoria-desktop-v1.1-instructions,rt-pipeline-v1,ensino-schema-v1,2026-04-21 00:17:28.5516+00
973,b8bd3b3e-65a3-4708-9227-7efcb0a6ba3e,13,2,Controle - palavras neutras,neutral_word,NUVEM,Verde,d,k,0,0,139,stroop-victoria-desktop-v1.1-instructions,rt-pipeline-v1,ensino-schema-v1,2026-04-21 00:17:28.5516+00
974,b8bd3b3e-65a3-4708-9227-7efcb0a6ba3e,14,2,Controle - palavras neutras,neutral_word,LIVRO,Amarelo,l,l,1,0,593,stroop-victoria-desktop-v1.1-instructions,rt-pipeline-v1,ensino-schema-v1,2026-04-21 00:17:28.5516+00
975,b8bd3b3e-65a3-4708-9227-7efcb0a6ba3e,15,2,Controle - palavras neutras,neutral_word,TRILHO,Vermelho,k,k,1,0,186,stroop-victoria-desktop-v1.1-instructions,rt-pipeline-v1,ensino-schema-v1,2026-04-21 00:17:28.5516+00
976,b8bd3b3e-65a3-4708-9227-7efcb0a6ba3e,16,2,Controle - palavras neutras,neutral_word,CASA,Vermelho,k,k,1,0,226,stroop-victoria-desktop-v1.1-instructions,rt-pipeline-v1,ensino-schema-v1,2026-04-21 00:17:28.5516+00
977,b8bd3b3e-65a3-4708-9227-7efcb0a6ba3e,17,2,Controle - palavras neutras,neutral_word,NUVEM,Amarelo,l,k,0,0,171,stroop-victoria-desktop-v1.1-instructions,rt-pipeline-v1,ensino-schema-v1,2026-04-21 00:17:28.5516+00
978,b8bd3b3e-65a3-4708-9227-7efcb0a6ba3e,18,2,Controle - palavras neutras,neutral_word,JANELA,Verde,d,,0,1,,stroop-victoria-desktop-v1.1-instructions,rt-pipeline-v1,ensino-schema-v1,2026-04-21 00:17:28.5516+00
979,b8bd3b3e-65a3-4708-9227-7efcb0a6ba3e,19,2,Controle - palavras neutras,neutral_word,CASA,Verde,d,s,0,0,2867,stroop-victoria-desktop-v1.1-instructions,rt-pipeline-v1,ensino-schema-v1,2026-04-21 00:17:28.5516+00
980,b8bd3b3e-65a3-4708-9227-7efcb0a6ba3e,20,2,Controle - palavras neutras,neutral_word,JANELA,Amarelo,l,k,0,0,266,stroop-victoria-desktop-v1.1-instructions,rt-pipeline-v1,ensino-schema-v1,2026-04-21 00:17:28.5516+00
981,b8bd3b3e-65a3-4708-9227-7efcb0a6ba3e,21,2,Controle - palavras neutras,neutral_word,MESA,Verde,d,k,0,0,227,stroop-victoria-desktop-v1.1-instructions,rt-pipeline-v1,ensino-schema-v1,2026-04-21 00:17:28.5516+00
982,b8bd3b3e-65a3-4708-9227-7efcb0a6ba3e,22,2,Controle - palavras neutras,neutral_word,LIVRO,Verde,d,s,0,0,186,stroop-victoria-desktop-v1.1-instructions,rt-pipeline-v1,ensino-schema-v1,2026-04-21 00:17:28.5516+00
983,b8bd3b3e-65a3-4708-9227-7efcb0a6ba3e,23,2,Controle - palavras neutras,neutral_word,LIVRO,Azul,s,s,1,0,194,stroop-victoria-desktop-v1.1-instructions,rt-pipeline-v1,ensino-schema-v1,2026-04-21 00:17:28.5516+00
984,b8bd3b3e-65a3-4708-9227-7efcb0a6ba3e,24,2,Controle - palavras neutras,neutral_word,MESA,Azul,s,k,0,0,179,stroop-victoria-desktop-v1.1-instructions,rt-pipeline-v1,ensino-schema-v1,2026-04-21 00:17:28.5516+00
985,b8bd3b3e-65a3-4708-9227-7efcb0a6ba3e,1,3,Interferência - palavras incongruentes,incongruent_color_word,VERMELHO,Amarelo,l,s,0,0,298,stroop-victoria-desktop-v1.1-instructions,rt-pipeline-v1,ensino-schema-v1,2026-04-21 00:17:28.5516+00
986,b8bd3b3e-65a3-4708-9227-7efcb0a6ba3e,2,3,Interferência - palavras incongruentes,incongruent_color_word,AMARELO,Vermelho,k,k,1,0,168,stroop-victoria-desktop-v1.1-instructions,rt-pipeline-v1,ensino-schema-v1,2026-04-21 00:17:28.5516+00
987,b8bd3b3e-65a3-4708-9227-7efcb0a6ba3e,3,3,Interferência - palavras incongruentes,incongruent_color_word,AMARELO,Verde,d,k,0,0,203,stroop-victoria-desktop-v1.1-instructions,rt-pipeline-v1,ensino-schema-v1,2026-04-21 00:17:28.5516+00
988,b8bd3b3e-65a3-4708-9227-7efcb0a6ba3e,4,3,Interferência - palavras incongruentes,incongruent_color_word,VERDE,Azul,s,k,0,0,122,stroop-victoria-desktop-v1.1-instructions,rt-pipeline-v1,ensino-schema-v1,2026-04-21 00:17:28.5516+00
989,b8bd3b3e-65a3-4708-9227-7efcb0a6ba3e,5,3,Interferência - palavras incongruentes,incongruent_color_word,AZUL,Vermelho,k,k,1,0,185,stroop-victoria-desktop-v1.1-instructions,rt-pipeline-v1,ensino-schema-v1,2026-04-21 00:17:28.5516+00
990,b8bd3b3e-65a3-4708-9227-7efcb0a6ba3e,6,3,Interferência - palavras incongruentes,incongruent_color_word,AMARELO,Verde,d,k,0,0,122,stroop-victoria-desktop-v1.1-instructions,rt-pipeline-v1,ensino-schema-v1,2026-04-21 00:17:28.5516+00
991,b8bd3b3e-65a3-4708-9227-7efcb0a6ba3e,7,3,Interferência - palavras incongruentes,incongruent_color_word,AMARELO,Azul,s,k,0,0,338,stroop-victoria-desktop-v1.1-instructions,rt-pipeline-v1,ensino-schema-v1,2026-04-21 00:17:28.5516+00
992,b8bd3b3e-65a3-4708-9227-7efcb0a6ba3e,8,3,Interferência - palavras incongruentes,incongruent_color_word,VERDE,Azul,s,s,1,0,305,stroop-victoria-desktop-v1.1-instructions,rt-pipeline-v1,ensino-schema-v1,2026-04-21 00:17:28.5516+00
993,b8bd3b3e-65a3-4708-9227-7efcb0a6ba3e,9,3,Interferência - palavras incongruentes,incongruent_color_word,AZUL,Verde,d,l,0,0,156,stroop-victoria-desktop-v1.1-instructions,rt-pipeline-v1,ensino-schema-v1,2026-04-21 00:17:28.5516+00
994,b8bd3b3e-65a3-4708-9227-7efcb0a6ba3e,10,3,Interferência - palavras incongruentes,incongruent_color_word,VERDE,Amarelo,l,k,0,0,211,stroop-victoria-desktop-v1.1-instructions,rt-pipeline-v1,ensino-schema-v1,2026-04-21 00:17:28.5516+00
995,b8bd3b3e-65a3-4708-9227-7efcb0a6ba3e,11,3,Interferência - palavras incongruentes,incongruent_color_word,VERMELHO,Azul,s,l,0,0,242,stroop-victoria-desktop-v1.1-instructions,rt-pipeline-v1,ensino-schema-v1,2026-04-21 00:17:28.5516+00
996,b8bd3b3e-65a3-4708-9227-7efcb0a6ba3e,12,3,Interferência - palavras incongruentes,incongruent_color_word,AZUL,Vermelho,k,s,0,0,146,stroop-victoria-desktop-v1.1-instructions,rt-pipeline-v1,ensino-schema-v1,2026-04-21 00:17:28.5516+00
997,b8bd3b3e-65a3-4708-9227-7efcb0a6ba3e,13,3,Interferência - palavras incongruentes,incongruent_color_word,VERMELHO,Verde,d,l,0,0,219,stroop-victoria-desktop-v1.1-instructions,rt-pipeline-v1,ensino-schema-v1,2026-04-21 00:17:28.5516+00
998,b8bd3b3e-65a3-4708-9227-7efcb0a6ba3e,14,3,Interferência - palavras incongruentes,incongruent_color_word,AZUL,Amarelo,l,k,0,0,185,stroop-victoria-desktop-v1.1-instructions,rt-pipeline-v1,ensino-schema-v1,2026-04-21 00:17:28.5516+00
999,b8bd3b3e-65a3-4708-9227-7efcb0a6ba3e,15,3,Interferência - palavras incongruentes,incongruent_color_word,VERMELHO,Verde,d,k,0,0,187,stroop-victoria-desktop-v1.1-instructions,rt-pipeline-v1,ensino-schema-v1,2026-04-21 00:17:28.5516+00
1000,b8bd3b3e-65a3-4708-9227-7efcb0a6ba3e,16,3,Interferência - palavras incongruentes,incongruent_color_word,VERDE,Amarelo,l,k,0,0,242,stroop-victoria-desktop-v1.1-instructions,rt-pipeline-v1,ensino-schema-v1,2026-04-21 00:17:28.5516+00
1001,b8bd3b3e-65a3-4708-9227-7efcb0a6ba3e,17,3,Interferência - palavras incongruentes,incongruent_color_word,VERMELHO,Azul,s,l,0,0,291,stroop-victoria-desktop-v1.1-instructions,rt-pipeline-v1,ensino-schema-v1,2026-04-21 00:17:28.5516+00
1002,b8bd3b3e-65a3-4708-9227-7efcb0a6ba3e,18,3,Interferência - palavras incongruentes,incongruent_color_word,VERDE,Vermelho,k,l,0,0,322,stroop-victoria-desktop-v1.1-instructions,rt-pipeline-v1,ensino-schema-v1,2026-04-21 00:17:28.5516+00
1003,b8bd3b3e-65a3-4708-9227-7efcb0a6ba3e,19,3,Interferência - palavras incongruentes,incongruent_color_word,AMARELO,Azul,s,k,0,0,89,stroop-victoria-desktop-v1.1-instructions,rt-pipeline-v1,ensino-schema-v1,2026-04-21 00:17:28.5516+00
1004,b8bd3b3e-65a3-4708-9227-7efcb0a6ba3e,20,3,Interferência - palavras incongruentes,incongruent_color_word,AMARELO,Vermelho,k,k,1,0,307,stroop-victoria-desktop-v1.1-instructions,rt-pipeline-v1,ensino-schema-v1,2026-04-21 00:17:28.5516+00
1005,b8bd3b3e-65a3-4708-9227-7efcb0a6ba3e,21,3,Interferência - palavras incongruentes,incongruent_color_word,AZUL,Verde,d,k,0,0,256,stroop-victoria-desktop-v1.1-instructions,rt-pipeline-v1,ensino-schema-v1,2026-04-21 00:17:28.5516+00
1006,b8bd3b3e-65a3-4708-9227-7efcb0a6ba3e,22,3,Interferência - palavras incongruentes,incongruent_color_word,VERMELHO,Amarelo,l,k,0,0,266,stroop-victoria-desktop-v1.1-instructions,rt-pipeline-v1,ensino-schema-v1,2026-04-21 00:17:28.5516+00
1007,b8bd3b3e-65a3-4708-9227-7efcb0a6ba3e,23,3,Interferência - palavras incongruentes,incongruent_color_word,VERDE,Vermelho,k,k,1,0,314,stroop-victoria-desktop-v1.1-instructions,rt-pipeline-v1,ensino-schema-v1,2026-04-21 00:17:28.5516+00
1008,b8bd3b3e-65a3-4708-9227-7efcb0a6ba3e,24,3,Interferência - palavras incongruentes,incongruent_color_word,AZUL,Amarelo,l,s,0,0,299,stroop-victoria-desktop-v1.1-instructions,rt-pipeline-v1,ensino-schema-v1,2026-04-21 00:17:28.5516+00